G,PA,AB,H,R,1B,2B,3B,HR,TB,RBI,BB,IBB,K,Auto K,SB,CS,SH,SF,GIDP,RGO,LGO,FO,PO,LO,AVG,OBP,SLG,OPS,ISO,BABIP,SB%,HR%,SO%,BB%,GB%,FB%,GB/FB,Avg Diff,nOBP,nSLG,RE24,WPA,GB_outs,FB_outs,Type,nPA,nAB,nH,nTB,nBB,nSF,nSH,Season,Hitter ID,Team,is_sub_row,Last Team,WAR
1,2,2,0,0,0,0,0,0,0,0,0,0,2,0,0,0,0,0,0,0,0,0,0,0,0.0,0.0,0.0,0.0,0.0,,,0.0,1.0,0.0,,,,318.0,0.0,0.0,-2.0972503944106378,-0.091,0,0,TT,2,2,0,0,0,0,0,S12,1,STL,False,STL,-0.19964307222794903
1,2,2,1,0,0,1,0,0,2,0,0,0,1,0,0,0,0,0,0,0,0,0,0,0,0.5,0.5,1.0,1.5,0.5,1.0,,0.0,0.5,0.0,,,,136.0,0.5,1.0,0.3644566685967959,0.011500000000000003,0,0,TT,2,2,1,2,0,0,0,S12,14,OAK,False,OAK,0.04652763407279434
1,1,1,0,0,0,0,0,0,0,0,0,0,1,0,0,0,0,0,0,0,0,0,0,0,0.0,0.0,0.0,0.0,0.0,,,0.0,1.0,0.0,,,,363.0,0.0,0.0,-0.43099787685774954,-0.02,0,0,WC,1,1,0,0,0,0,0,S12,34,BOS,False,BOS,-0.03805880407921758
1,2,2,1,1,0,0,1,0,3,0,0,0,0,0,0,0,0,0,0,0,1,0,0,0,0.5,0.5,1.5,2.0,1.0,0.5,,0.0,0.0,0.0,1.0,0.0,,242.0,0.5,1.5,-0.08617029065085302,0.06940000000000002,1,0,XB,2,2,1,3,0,0,0,S12,54,SFG,False,SFG,0.00146493814802945
1,3,2,0,0,0,0,0,0,0,1,0,0,0,0,0,0,0,1,0,1,0,2,0,0,0.0,0.0,0.0,0.0,0.0,0.0,,0.0,0.0,0.0,0.25,0.75,0.3333333333333333,270.3333333333333,0.0,0.0,-0.18674500329453114,-0.017200000000000003,1,3,BC,3,3,0,0,0,0,0,S12,65,PHI,False,PHI,-0.003551549509780985
1,2,2,0,0,0,0,0,0,0,0,0,0,0,0,0,0,0,0,0,0,2,0,0,0,0.0,0.0,0.0,0.0,0.0,0.0,,0.0,0.0,0.0,1.0,0.0,,483.0,0.0,0.0,-0.8728583419740286,-0.0364,2,0,SF,2,2,0,0,0,0,0,S12,66,SEA,False,SEA,-0.0772038669842881
1,3,3,1,1,1,0,0,0,1,1,0,0,0,0,0,0,0,0,0,0,0,0,2,0,0.3333333333333333,0.3333333333333333,0.3333333333333333,0.6666666666666666,0.0,0.3333333333333333,,0.0,0.0,0.0,0.0,1.0,0.0,299.0,0.3333333333333333,0.3333333333333333,0.7489578263537677,0.0804,0,2,WC,3,3,1,1,0,0,0,S12,68,CHC,False,CHC,0.0900187334550489
1,2,2,0,0,0,0,0,0,0,0,0,0,1,0,0,0,0,0,1,1,0,0,0,0,0.0,0.0,0.0,0.0,0.0,0.0,,0.0,0.5,0.0,1.0,0.0,,299.5,0.0,0.0,-0.46723044397463,-0.0668,2,0,EN,2,2,0,0,0,0,0,S12,89,COL,False,COL,-0.036641077184348246
1,2,2,2,2,1,0,0,1,5,1,0,0,0,0,0,0,0,0,0,0,0,0,0,0,1.0,1.0,2.5,3.5,1.5,1.0,,0.5,0.0,0.0,,,,31.5,1.0,2.5,1.121212121212121,0.1581,0,0,WC,2,2,2,5,0,0,0,S12,93,ARI,False,ARI,0.12220317933432687
1,1,1,0,0,0,0,0,0,0,0,0,0,0,0,0,0,0,0,0,1,0,0,0,0,0.0,0.0,0.0,0.0,0.0,0.0,,0.0,0.0,0.0,1.0,0.0,,422.0,0.0,0.0,-0.43099787685774954,-0.032799999999999996,1,0,SM,1,1,0,0,0,0,0,S12,99,DET,False,DET,-0.03805880407921758
1,2,2,1,0,0,1,0,0,2,2,0,0,0,0,0,0,0,0,0,1,0,0,0,0,0.5,0.5,1.0,1.5,0.5,0.5,,0.0,0.0,0.0,1.0,0.0,,222.5,0.5,1.0,1.0775862068965516,0.20240000000000002,1,0,BC,2,2,1,2,0,0,0,S12,108,HOU,False,HOU,0.11784058790276992
1,2,2,0,0,0,0,0,0,0,0,0,0,1,0,0,0,0,0,0,0,0,1,0,0,0.0,0.0,0.0,0.0,0.0,0.0,,0.0,0.5,0.0,0.0,1.0,0.0,223.5,0.0,0.0,-1.6809978768577496,-0.1465,0,1,HK,2,2,0,0,0,0,0,S12,113,HOU,False,HOU,-0.1580178204726602
1,2,2,0,0,0,0,0,0,0,0,0,0,1,0,0,0,0,0,0,0,0,1,0,0,0.0,0.0,0.0,0.0,0.0,0.0,,0.0,0.5,0.0,0.0,1.0,0.0,257.5,0.0,0.0,-3.288140734000607,-0.0812,0,1,1B,2,2,0,0,0,0,0,S12,119,HOU,False,HOU,-0.3187321061869459
1,2,2,1,1,0,0,0,1,4,1,0,0,0,0,0,0,0,0,0,0,0,1,0,0,0.5,0.5,2.0,2.5,1.5,0.0,,0.5,0.0,0.0,0.0,1.0,0.0,99.0,0.5,2.0,1.0,0.046900000000000004,0,1,SF,2,2,1,4,0,0,0,S12,127,OAK,False,OAK,0.11008196721311476
1,2,1,1,1,0,1,0,0,2,0,1,0,0,0,0,0,0,0,0,0,0,0,0,0,1.0,1.0,2.0,3.0,1.0,1.0,,0.0,0.0,0.5,,,,104.0,0.5,1.0,1.4356687898089173,0.1005,0,0,1B,2,2,1,2,0,0,0,S12,130,KCR,False,KCR,0.15364884619400648
1,1,1,0,0,0,0,0,0,0,0,0,0,0,0,0,0,0,0,0,1,0,0,0,0,0.0,0.0,0.0,0.0,0.0,0.0,,0.0,0.0,0.0,1.0,0.0,,365.0,0.0,0.0,-0.43099787685774954,-0.025099999999999997,1,0,MH,1,1,0,0,0,0,0,S12,134,NYM,False,NYM,-0.03805880407921758
1,3,2,1,0,1,0,0,0,1,0,1,0,0,0,0,0,0,0,0,0,0,0,1,0,0.5,0.6666666666666666,0.5,1.1666666666666665,0.0,0.5,,0.0,0.0,0.3333333333333333,0.0,1.0,0.0,185.33333333333334,0.3333333333333333,0.3333333333333333,1.3130669754873576,0.020000000000000004,0,1,S,3,3,1,1,0,0,0,S12,138,NYY,False,NYY,0.14642964836840788
1,1,1,0,0,0,0,0,0,0,1,0,0,0,0,0,0,0,0,0,0,1,0,0,0,0.0,0.0,0.0,0.0,0.0,0.0,,0.0,0.0,0.0,1.0,0.0,,467.0,0.0,0.0,-0.47777777777777786,-0.0049,1,0,EN,1,1,0,0,0,0,0,S12,140,KCR,False,KCR,-0.04273679417122041
1,2,2,2,1,1,0,0,1,5,2,0,0,0,0,0,0,0,0,0,0,0,0,0,0,1.0,1.0,2.5,3.5,1.5,1.0,,0.5,0.0,0.0,,,,64.5,1.0,2.5,0.38671905867450196,0.16249999999999998,0,0,BC,2,2,2,5,0,0,0,S12,151,KCR,False,KCR,0.04875387308056495
1,2,2,0,0,0,0,0,0,0,0,0,0,1,0,0,0,0,0,0,1,0,0,0,0,0.0,0.0,0.0,0.0,0.0,0.0,,0.0,0.5,0.0,1.0,0.0,,367.0,0.0,0.0,-0.5919174170876346,-0.0278,1,0,BN,2,2,0,0,0,0,0,S12,161,SDP,False,SDP,-0.049109774495648705
1,3,3,0,0,0,0,0,0,0,0,0,0,0,0,0,0,0,0,0,0,0,3,0,0,0.0,0.0,0.0,0.0,0.0,0.0,,0.0,0.0,0.0,0.0,1.0,0.0,239.33333333333334,0.0,0.0,-0.6589672255167534,-0.1129,0,3,1B,3,3,0,0,0,0,0,S12,163,LAD,False,LAD,-0.0507737717320032
1,2,2,1,0,1,0,0,0,1,1,0,0,0,0,0,0,0,0,0,1,0,0,0,0,0.5,0.5,0.5,1.0,0.0,0.5,,0.0,0.0,0.0,1.0,0.0,,260.5,0.5,0.5,0.3448275862068966,0.1548,1,0,BN,2,2,1,1,0,0,0,S12,168,LAD,False,LAD,0.04456472583380441
1,2,2,1,0,1,0,0,0,1,0,0,0,0,0,0,0,0,0,0,0,1,0,0,0,0.5,0.5,0.5,1.0,0.0,0.5,,0.0,0.0,0.0,1.0,0.0,,267.0,0.5,0.5,-0.16155120484491875,-0.004700000000000001,1,0,BN,2,2,1,1,0,0,0,S12,178,CWS,False,CWS,-0.006073153271377123
1,2,2,1,0,1,0,0,0,1,0,0,0,0,0,0,0,0,0,0,0,0,1,0,0,0.5,0.5,0.5,1.0,0.0,0.5,,0.0,0.0,0.0,0.0,1.0,0.0,155.0,0.5,0.5,0.10852713178294576,0.006800000000000004,0,1,BC,2,2,1,1,0,0,0,S12,191,COL,False,COL,0.020934680391409326
1,1,1,0,0,0,0,0,0,0,0,0,0,1,0,0,0,0,0,0,0,0,0,0,0,0.0,0.0,0.0,0.0,0.0,,,0.0,1.0,0.0,,,,319.0,0.0,0.0,-0.43099787685774954,-0.047599999999999996,0,0,1B,1,1,0,0,0,0,0,S12,204,LAD,False,LAD,-0.03805880407921758
1,3,2,1,2,0,0,0,1,4,2,1,0,1,0,0,0,0,0,0,0,0,0,0,0,0.5,0.6666666666666666,2.0,2.6666666666666665,1.5,,,0.3333333333333333,0.3333333333333333,0.3333333333333333,,,,151.0,0.3333333333333333,1.3333333333333333,2.6273690435781365,0.0325,0,0,SM,3,3,1,4,0,0,0,S12,219,CHC,False,CHC,0.2778598551774858
1,3,2,0,0,0,0,0,0,0,1,0,0,0,0,0,0,0,1,0,0,0,1,2,0,0.0,0.0,0.0,0.0,0.0,0.0,,0.0,0.0,0.0,0.0,1.0,0.0,350.0,0.0,0.0,-5.292857403222278,-0.03729999999999999,0,4,S,3,3,0,0,0,0,0,S12,220,PHI,False,PHI,-0.5141627895025558
1,2,2,1,0,0,1,0,0,2,0,0,0,0,0,0,0,0,0,0,0,1,0,0,0,0.5,0.5,1.0,1.5,0.5,0.5,,0.0,0.0,0.0,1.0,0.0,,262.0,0.5,1.0,-0.26628352490421453,0.041499999999999995,1,0,XB,2,2,1,2,0,0,0,S12,230,CWS,False,CWS,-0.016546385277306702
1,2,2,0,0,0,0,0,0,0,0,0,0,0,0,0,0,0,0,1,1,0,1,0,0,0.0,0.0,0.0,0.0,0.0,0.0,,0.0,0.0,0.0,0.6666666666666666,0.3333333333333333,2.0,296.0,0.0,0.0,-0.8855433314032041,-0.1051,2,1,BP,2,2,0,0,0,0,0,S12,233,LAD,False,LAD,-0.07847236592720566
1,2,2,1,0,1,0,0,0,1,0,0,0,0,0,0,0,0,0,0,1,0,0,0,0,0.5,0.5,0.5,1.0,0.0,0.5,,0.0,0.0,0.0,1.0,0.0,,234.5,0.5,0.5,-0.3097857556456283,-0.007899999999999997,1,0,SF,2,2,1,1,0,0,0,S12,238,NYM,False,NYM,-0.020896608351448083
1,2,2,1,0,1,0,0,0,1,1,0,0,0,0,0,0,0,0,0,1,0,0,0,0,0.5,0.5,0.5,1.0,0.0,0.5,,0.0,0.0,0.0,1.0,0.0,,212.0,0.5,0.5,-0.16091954022988503,0.0204,1,0,WC,2,2,1,1,0,0,0,S12,259,NYY,False,NYY,-0.006009986809873751
1,1,1,0,0,0,0,0,0,0,0,0,0,1,0,0,0,0,0,0,0,0,0,0,0,0.0,0.0,0.0,0.0,0.0,,,0.0,1.0,0.0,,,,264.0,0.0,0.0,-0.16091954022988503,-0.0285,0,0,WC,1,1,0,0,0,0,0,S12,264,TBR,False,TBR,-0.011050970416431128
1,3,3,0,0,0,0,0,0,0,0,0,0,1,0,0,0,0,0,0,0,0,2,0,0,0.0,0.0,0.0,0.0,0.0,0.0,,0.0,0.3333333333333333,0.0,0.0,1.0,0.0,233.0,0.0,0.0,-0.9448275862068966,-0.12179999999999999,0,2,BP,3,3,0,0,0,0,0,S12,265,CIN,False,CIN,-0.07935980780101752
1,2,2,1,0,1,0,0,0,1,0,0,0,0,0,0,0,0,0,0,0,0,1,0,0,0.5,0.5,0.5,1.0,0.0,0.5,,0.0,0.0,0.0,0.0,1.0,0.0,137.5,0.5,0.5,-0.3097857556456283,-0.011300000000000001,0,1,XB,2,2,1,1,0,0,0,S12,268,COL,False,COL,-0.020896608351448083
1,2,2,0,0,0,0,0,0,0,0,0,0,0,0,0,0,0,0,0,1,0,1,0,0,0.0,0.0,0.0,0.0,0.0,0.0,,0.0,0.0,0.0,0.5,0.5,1.0,299.0,0.0,0.0,-0.32183908045977005,-0.0626,1,1,1B,2,2,0,0,0,0,0,S12,278,NYM,False,NYM,-0.022101940832862255
1,2,2,2,1,1,1,0,0,3,1,0,0,0,0,0,0,0,0,0,0,0,0,0,0,1.0,1.0,1.5,2.5,0.5,1.0,,0.0,0.0,0.0,,,,60.0,1.0,1.5,1.482758620689655,0.1794,0,0,BN,2,2,2,3,0,0,0,S12,295,LAD,False,LAD,0.15835782928208025
1,3,3,1,1,0,1,0,0,2,1,0,0,2,0,0,0,0,0,0,0,0,0,0,0,0.3333333333333333,0.3333333333333333,0.6666666666666666,1.0,0.3333333333333333,1.0,,0.0,0.6666666666666666,0.0,,,,221.66666666666666,0.3333333333333333,0.6666666666666666,0.3771416580259714,0.03939999999999999,0,0,BC,3,3,1,2,0,0,0,S12,298,PHI,False,PHI,0.05283711662226927
1,2,1,0,0,0,0,0,0,0,0,1,0,1,0,0,0,0,0,0,0,0,0,0,0,0.0,0.5,0.0,0.5,0.0,,,0.0,0.5,0.5,,,,307.5,0.0,0.0,-0.05517241379310345,-0.0489,0,0,P,2,2,0,0,0,0,0,S12,301,CLE,False,CLE,0.004564725833804408
1,2,2,0,0,0,0,0,0,0,0,0,0,2,0,0,0,0,0,0,0,0,0,0,0,0.0,0.0,0.0,0.0,0.0,,,0.0,1.0,0.0,,,,441.5,0.0,0.0,-1.6128160586759315,-0.0007,0,0,BC,2,2,0,0,0,0,0,S12,305,PIT,False,PIT,-0.15119963865447839
1,1,1,1,0,1,0,0,0,1,0,0,0,0,0,0,0,0,0,0,0,0,0,0,0,1.0,1.0,1.0,2.0,0.0,1.0,,0.0,0.0,0.0,,,,72.0,1.0,1.0,0.7581395348837209,-0.0017000000000000001,0,0,BC,1,1,1,1,0,0,0,S12,308,PIT,False,PIT,0.08085493709492947
1,1,1,0,0,0,0,0,0,0,0,0,0,0,0,0,0,0,0,0,0,0,1,0,0,0.0,0.0,0.0,0.0,0.0,0.0,,0.0,0.0,0.0,0.0,1.0,0.0,188.0,0.0,0.0,-0.43099787685774954,-0.0332,0,1,WC,1,1,0,0,0,0,0,S12,327,TBR,False,TBR,-0.03805880407921758
1,2,2,1,0,0,1,0,0,2,1,0,0,0,0,0,0,0,0,0,1,0,0,0,0,0.5,0.5,1.0,1.5,0.5,0.5,,0.0,0.0,0.0,1.0,0.0,,204.5,0.5,1.0,0.5690021231422504,0.0954,1,0,1B,2,2,1,2,0,0,0,S12,344,TOR,False,TOR,0.06698217952733979
1,3,3,0,0,0,0,0,0,0,0,0,0,1,0,0,0,0,0,0,0,1,1,0,0,0.0,0.0,0.0,0.0,0.0,0.0,,0.0,0.3333333333333333,0.0,0.5,0.5,1.0,280.3333333333333,0.0,0.0,-1.2724137931034483,-0.0807,1,1,MH,3,3,0,0,0,0,0,S12,354,TOR,False,TOR,-0.1121184284906727
1,1,1,0,0,0,0,0,0,0,0,0,0,0,0,0,0,0,0,0,0,0,0,1,0,0.0,0.0,0.0,0.0,0.0,0.0,,0.0,0.0,0.0,0.0,1.0,0.0,368.0,0.0,0.0,-0.1724137931034483,-0.0192,0,1,BP,1,1,0,0,0,0,0,S12,355,DET,False,DET,-0.012200395703787453
1,2,2,1,0,1,0,0,0,1,0,0,0,0,0,0,0,0,0,0,1,0,0,0,0,0.5,0.5,0.5,1.0,0.0,0.5,,0.0,0.0,0.0,1.0,0.0,,227.0,0.5,0.5,0.43017196105627453,0.002199999999999997,1,0,BC,2,2,1,1,0,0,0,S12,362,KCR,False,KCR,0.053099163318742204
1,2,2,1,1,0,0,0,1,4,1,0,0,0,0,0,0,0,0,0,1,0,0,0,0,0.5,0.5,2.0,2.5,1.5,0.0,,0.5,0.0,0.0,1.0,0.0,,224.5,0.5,2.0,0.5690021231422504,0.0724,1,0,WC,2,2,1,4,0,0,0,S12,391,MTL,False,MTL,0.06698217952733979
1,2,2,1,0,1,0,0,0,1,0,0,0,0,0,0,0,0,0,0,0,0,1,0,0,0.5,0.5,0.5,1.0,0.0,0.5,,0.0,0.0,0.0,0.0,1.0,0.0,179.5,0.5,0.5,-1.0606060606060606,-0.007300000000000001,0,1,BC,2,2,1,1,0,0,0,S12,396,TOR,False,TOR,-0.0959786388474913
1,2,2,0,0,0,0,0,0,0,0,0,0,1,0,0,0,0,0,0,0,0,0,1,0,0.0,0.0,0.0,0.0,0.0,0.0,,0.0,0.5,0.0,0.0,1.0,0.0,338.0,0.0,0.0,-0.025369978858350906,-0.0419,0,1,BC,2,2,0,0,0,0,0,S12,400,TOR,False,TOR,0.007544969327279662
1,2,2,0,0,0,0,0,0,0,0,0,0,0,0,0,0,0,0,0,0,0,1,1,0,0.0,0.0,0.0,0.0,0.0,0.0,,0.0,0.0,0.0,0.0,1.0,0.0,299.5,0.0,0.0,-0.6034116699611978,-0.0421,0,2,SF,2,2,0,0,0,0,0,S12,402,SDP,False,SDP,-0.050259199783005026
1,2,2,0,0,0,0,0,0,0,0,0,0,1,0,0,0,0,0,1,1,0,0,0,0,0.0,0.0,0.0,0.0,0.0,0.0,,0.0,0.5,0.0,1.0,0.0,,365.0,0.0,0.0,-1.5,-0.0494,2,0,1B,2,2,0,0,0,0,0,S12,443,SFG,False,SFG,-0.13991803278688525
1,3,2,0,0,0,0,0,0,0,0,1,0,1,0,0,0,0,0,0,0,0,0,1,0,0.0,0.3333333333333333,0.0,0.3333333333333333,0.0,0.0,,0.0,0.3333333333333333,0.3333333333333333,0.0,1.0,0.0,261.3333333333333,0.0,0.0,-1.0742085767747356,-0.0901,0,1,BP,3,3,0,0,0,0,0,S12,480,TOR,False,TOR,-0.09229790685780143
1,3,3,1,0,0,1,0,0,2,1,0,0,0,0,0,0,0,0,0,0,0,2,0,0,0.3333333333333333,0.3333333333333333,0.6666666666666666,1.0,0.3333333333333333,0.3333333333333333,,0.0,0.0,0.0,0.0,1.0,0.0,129.66666666666666,0.3333333333333333,0.6666666666666666,0.13800424628450086,0.0511,0,2,HK,3,3,1,2,0,0,0,S12,488,CIN,False,CIN,0.028923375448122214
1,2,2,0,0,0,0,0,0,0,0,0,0,1,0,0,0,0,0,1,0,1,0,0,0,0.0,0.0,0.0,0.0,0.0,0.0,,0.0,0.5,0.0,1.0,0.0,,372.5,0.0,0.0,-0.6269592476489028,-0.0953,2,0,WC,2,2,0,0,0,0,0,S12,490,CIN,False,CIN,-0.052613957551775524
1,1,1,0,0,0,0,0,0,0,0,0,0,1,0,0,0,0,0,0,0,0,0,0,0,0.0,0.0,0.0,0.0,0.0,,,0.0,1.0,0.0,,,,281.0,0.0,0.0,-0.012684989429175453,-0.0263,0,0,BC,1,1,0,0,0,0,0,S12,492,NYM,False,NYM,0.003772484663639831
1,2,1,0,0,0,0,0,0,0,0,1,0,0,0,0,0,0,0,1,1,0,0,0,0,0.0,0.5,0.0,0.5,0.0,0.0,,0.0,0.0,0.5,1.0,0.0,,292.5,0.0,0.0,-0.5919174170876347,-0.024900000000000005,2,0,P,2,2,0,0,0,0,0,S12,517,CLE,False,CLE,-0.04910977449564872
1,3,3,1,1,0,0,1,0,3,0,0,0,1,0,0,0,0,0,0,0,0,0,1,0,0.3333333333333333,0.3333333333333333,1.0,1.3333333333333333,0.6666666666666667,0.5,,0.0,0.3333333333333333,0.0,0.0,1.0,0.0,212.33333333333334,0.3333333333333333,1.0,-0.1532200990799718,0.05599999999999999,0,1,TT,3,3,1,3,0,0,0,S12,522,CHC,False,CHC,-0.00019905908832505148
1,2,2,1,1,0,0,0,1,4,1,0,0,0,0,0,0,0,0,0,0,0,0,1,0,0.5,0.5,2.0,2.5,1.5,0.0,,0.5,0.0,0.0,0.0,1.0,0.0,190.5,0.5,2.0,0.8390804597701149,0.092,0,1,1B,2,2,1,4,0,0,0,S12,525,SDP,False,SDP,0.09399001319012625
1,3,2,1,2,0,0,0,1,4,5,1,0,0,0,0,0,0,0,0,0,0,1,0,0,0.5,0.6666666666666666,2.0,2.6666666666666665,1.5,0.0,,0.3333333333333333,0.0,0.3333333333333333,0.0,1.0,0.0,140.33333333333334,0.3333333333333333,1.3333333333333333,2.159728803674273,0.038400000000000004,0,1,MH,3,3,1,4,0,0,0,S12,530,MIN,False,MIN,0.23109583118709942
1,1,0,0,0,0,0,0,0,0,0,1,0,0,0,0,0,0,0,0,0,0,0,0,0,,1.0,,,,,,0.0,0.0,1.0,,,,,1.0,,2.767857142857143,0.1213,0,0,1B,1,0,0,,1,0,0,S12,549,MIL,False,MIL,0.28182669789227166
1,2,2,0,0,0,0,0,0,0,0,0,0,0,0,0,0,0,0,1,1,0,1,0,0,0.0,0.0,0.0,0.0,0.0,0.0,,0.0,0.0,0.0,0.6666666666666666,0.3333333333333333,2.0,334.0,0.0,0.0,-1.1724137931034484,-0.031799999999999995,2,1,TT,2,2,0,0,0,0,0,S12,559,NYY,False,NYY,-0.10715941209723008
1,1,1,0,0,0,0,0,0,0,0,0,0,1,0,0,0,0,0,0,0,0,0,0,0,0.0,0.0,0.0,0.0,0.0,,,0.0,1.0,0.0,,,,266.0,0.0,0.0,-0.4418604651162791,-0.0316,0,0,BP,1,1,0,0,0,0,0,S12,563,FLA,False,FLA,-0.039145062905070534
1,3,3,1,0,1,0,0,0,1,0,0,0,0,0,0,0,0,0,0,1,0,0,1,0,0.3333333333333333,0.3333333333333333,0.3333333333333333,0.6666666666666666,0.0,0.3333333333333333,,0.0,0.0,0.0,0.5,0.5,1.0,298.6666666666667,0.3333333333333333,0.3333333333333333,-1.3962785960049982,-0.0233,1,1,XB,3,3,1,1,0,0,0,S12,564,ATL,False,ATL,-0.12450490878082769
1,2,1,0,0,0,0,0,0,0,0,1,0,1,0,0,0,0,0,0,0,0,0,0,0,0.0,0.5,0.0,0.5,0.0,,,0.0,0.5,0.5,,,,241.5,0.0,0.0,-0.03970741901776381,-0.005500000000000001,0,0,BC,2,2,0,0,0,0,0,S12,567,CIN,False,CIN,0.006111225311338371
1,2,2,0,0,0,0,0,0,0,0,0,0,0,0,0,0,0,0,0,0,0,1,1,0,0.0,0.0,0.0,0.0,0.0,0.0,,0.0,0.0,0.0,0.0,1.0,0.0,267.5,0.0,0.0,-0.8619957537154991,-0.0668,0,2,XB,2,2,0,0,0,0,0,S12,597,CIN,False,CIN,-0.07611760815843516
1,2,2,0,0,0,0,0,0,0,0,0,0,0,0,0,0,0,0,1,0,1,1,0,0,0.0,0.0,0.0,0.0,0.0,0.0,,0.0,0.0,0.0,0.6666666666666666,0.3333333333333333,2.0,353.5,0.0,0.0,-0.8964059196617336,-0.0991,2,1,BP,2,2,0,0,0,0,0,S12,620,COL,False,COL,-0.07955862475305861
1,1,1,0,0,0,0,0,0,0,0,0,0,0,0,0,0,0,0,0,1,0,0,0,0,0.0,0.0,0.0,0.0,0.0,0.0,,0.0,0.0,0.0,1.0,0.0,,397.0,0.0,0.0,-0.16091954022988503,-0.031,1,0,1B,1,1,0,0,0,0,0,S12,622,BOS,False,BOS,-0.011050970416431128
1,3,3,1,0,0,1,0,0,2,1,0,0,0,0,0,0,0,0,0,0,0,0,2,0,0.3333333333333333,0.3333333333333333,0.6666666666666666,1.0,0.3333333333333333,0.3333333333333333,,0.0,0.0,0.0,0.0,1.0,0.0,261.3333333333333,0.3333333333333333,0.6666666666666666,-0.4224137931034483,0.07529999999999998,0,2,SM,3,3,1,2,0,0,0,S12,638,TEX,False,TEX,-0.027118428490672697
1,2,2,1,0,1,0,0,0,1,0,0,0,1,0,0,0,0,0,0,0,0,0,0,0,0.5,0.5,0.5,1.0,0.0,1.0,,0.0,0.5,0.0,,,,196.0,0.5,0.5,-0.03970741901776381,-0.0058,0,0,BC,2,2,1,1,0,0,0,S12,639,MIL,False,MIL,0.006111225311338371
1,4,3,1,2,0,0,0,1,4,4,1,0,2,0,0,0,0,0,0,0,0,0,0,0,0.3333333333333333,0.5,1.3333333333333333,1.8333333333333333,1.0,,,0.25,0.5,0.25,,,,246.0,0.25,1.0,-1.8013213530655392,0.0135,0,0,TT,4,4,1,4,0,0,0,S12,662,MIN,False,MIN,-0.15996820088032443
1,2,2,1,1,0,0,0,1,4,1,0,0,0,0,0,0,0,0,0,0,0,0,1,0,0.5,0.5,2.0,2.5,1.5,0.0,,0.5,0.0,0.0,0.0,1.0,0.0,173.0,0.5,2.0,1.0,-0.018100000000000005,0,1,1B,2,2,1,4,0,0,0,S12,683,HOU,False,HOU,0.11008196721311476
1,3,2,0,1,0,0,0,0,0,0,1,0,0,0,0,0,0,0,0,1,1,0,0,0,0.0,0.3333333333333333,0.0,0.3333333333333333,0.0,0.0,,0.0,0.0,0.3333333333333333,1.0,0.0,,297.3333333333333,0.0,0.0,0.6181666165258108,-0.012399999999999998,2,0,MH,3,3,0,0,0,0,0,S12,686,PHI,False,PHI,0.07693961247225321
1,2,2,0,0,0,0,0,0,0,0,0,0,0,0,0,0,0,0,0,0,1,0,1,0,0.0,0.0,0.0,0.0,0.0,0.0,,0.0,0.0,0.0,0.5,0.5,1.0,415.5,0.0,0.0,-0.17360452965906048,-0.061399999999999996,1,1,BP,2,2,0,0,0,0,0,S12,703,MTL,False,MTL,-0.007278485752791296
1,1,1,0,0,0,0,0,0,0,0,0,0,0,0,0,0,0,0,0,1,0,0,0,0,0.0,0.0,0.0,0.0,0.0,0.0,,0.0,0.0,0.0,1.0,0.0,,443.0,0.0,0.0,-0.1724137931034483,-0.0144,1,0,S,1,1,0,0,0,0,0,S12,734,BOS,False,BOS,-0.012200395703787453
1,2,2,0,0,0,0,0,0,0,0,0,0,2,0,0,0,0,0,0,0,0,0,0,0,0.0,0.0,0.0,0.0,0.0,,,0.0,1.0,0.0,,,,258.5,0.0,0.0,-0.6034116699611978,-0.0195,0,0,HK,2,2,0,0,0,0,0,S12,776,OAK,False,OAK,-0.050259199783005026
1,2,2,0,0,0,0,0,0,0,0,0,0,1,0,0,0,0,0,0,0,1,0,0,0,0.0,0.0,0.0,0.0,0.0,0.0,,0.0,0.5,0.0,1.0,0.0,,384.0,0.0,0.0,-0.8837209302325582,-0.0572,1,0,TT,2,2,0,0,0,0,0,S12,814,NYY,False,NYY,-0.07829012581014107
1,3,3,3,2,2,0,0,1,6,3,0,0,0,0,0,0,0,0,0,0,0,0,0,0,1.0,1.0,2.0,3.0,1.0,1.0,,0.3333333333333333,0.0,0.0,,,,95.66666666666667,0.3333333333333333,1.3333333333333333,3.0,0.0312,0,0,HK,3,3,1,4,0,0,0,S12,1703,MIN,False,MIN,0.3151229508196721
1,2,1,1,0,1,0,0,0,1,0,0,0,0,0,1,0,1,0,0,0,0,0,0,0,1.0,1.0,1.0,2.0,0.0,1.0,1.0,0.0,0.0,0.0,,,,160.33333333333334,1.0,1.0,-0.6111111111111112,0.0428,0,0,S,2,1,1,1,0,0,1,S12,1705,SDP,False,SDP,-0.051029143897996364
1,3,3,0,0,0,0,0,0,0,0,0,0,0,0,0,0,0,0,0,0,1,1,0,1,0.0,0.0,0.0,0.0,0.0,0.0,,0.0,0.0,0.0,0.3333333333333333,0.6666666666666666,0.5,398.6666666666667,0.0,0.0,-2.7868323550226886,-0.10319999999999999,1,2,WC,3,3,0,0,0,0,0,S12,1709,TEX,False,TEX,-0.26356028468259673
1,2,2,0,0,0,0,0,0,0,0,0,0,0,0,0,0,0,0,0,0,0,0,2,0,0.0,0.0,0.0,0.0,0.0,0.0,,0.0,0.0,0.0,0.0,1.0,0.0,361.0,0.0,0.0,-1.2323481116584565,-0.0021000000000000003,0,2,1B,2,2,0,0,0,0,0,S12,1717,CHC,False,CHC,-0.11315284395273088
1,2,2,0,0,0,0,0,0,0,0,0,0,0,0,0,0,0,0,0,0,1,0,1,0,0.0,0.0,0.0,0.0,0.0,0.0,,0.0,0.0,0.0,0.5,0.5,1.0,398.5,0.0,0.0,-0.32183908045977005,-0.0555,1,1,BN,2,2,0,0,0,0,0,S12,1724,TBR,False,TBR,-0.022101940832862255
1,2,2,2,0,2,0,0,0,2,0,0,0,0,0,0,0,0,0,0,0,0,0,0,0,1.0,1.0,1.0,2.0,0.0,1.0,,0.0,0.0,0.0,,,,79.5,1.0,1.0,0.6666666666666666,0.0215,0,0,BP,2,2,2,2,0,0,0,S12,1733,OAK,False,OAK,0.07674863387978141
1,2,1,0,1,0,0,0,0,0,0,1,0,1,0,0,0,0,0,0,0,0,0,0,0,0.0,0.5,0.0,0.5,0.0,,,0.0,0.5,0.5,,,,213.0,0.0,0.0,0.44103454931480407,0.009899999999999999,0,0,BP,2,2,0,0,0,0,0,S12,1745,TOR,False,TOR,0.054185422144595166
1,2,2,1,1,0,0,0,1,4,1,0,0,1,0,0,0,0,0,0,0,0,0,0,0,0.5,0.5,2.0,2.5,1.5,,,0.5,0.5,0.0,,,,208.5,0.5,1.0,0.49425287356321845,0.2171,0,0,BP,2,2,1,2,0,0,0,S12,1763,TBR,False,TBR,0.0595072545694366
1,1,1,1,1,0,1,0,0,2,1,0,0,0,0,0,0,0,0,0,0,0,0,0,0,1.0,1.0,2.0,3.0,1.0,1.0,,0.0,0.0,0.0,,,,43.0,1.0,2.0,1.0,0.0726,0,0,SM,1,1,1,2,0,0,0,S12,1776,KCR,False,KCR,0.10504098360655738
1,2,2,2,1,1,0,0,1,5,2,0,0,0,0,0,0,0,0,0,0,0,0,0,0,1.0,1.0,2.5,3.5,1.5,1.0,,0.5,0.0,0.0,,,,46.0,1.0,2.5,3.1565656565656566,0.2399,0,0,BP,2,2,2,5,0,0,0,S12,1781,NYY,False,NYY,0.3257385328696804
1,2,1,0,0,0,0,0,0,0,0,1,0,0,0,0,0,0,0,0,0,0,1,0,0,0.0,0.5,0.0,0.5,0.0,0.0,,0.0,0.0,0.5,0.0,1.0,0.0,144.5,0.0,0.0,0.0970328789093825,0.0074,0,1,WC,2,2,0,0,0,0,0,S12,1813,MTL,False,MTL,0.019785255104053
1,2,2,0,0,0,0,0,0,0,0,0,0,1,0,0,0,0,0,0,0,0,1,0,0,0.0,0.0,0.0,0.0,0.0,0.0,,0.0,0.5,0.0,0.0,1.0,0.0,267.5,0.0,0.0,-0.8160919540229885,-0.0632,0,1,BC,2,2,0,0,0,0,0,S12,1814,COL,False,COL,-0.0715272281891841
1,1,1,1,1,1,0,0,0,1,0,0,0,0,0,1,0,0,0,0,0,0,0,0,0,1.0,1.0,1.0,2.0,0.0,1.0,1.0,0.0,0.0,0.0,,,,36.0,1.0,1.0,0.3888888888888889,0.0621,0,0,TT,1,1,1,1,0,0,0,S12,1824,DET,False,DET,0.04392987249544626
1,2,2,1,1,0,0,1,0,3,1,0,0,0,0,0,0,0,0,0,0,0,0,1,0,0.5,0.5,1.5,2.0,1.0,0.5,,0.0,0.0,0.0,0.0,1.0,0.0,177.0,0.5,1.5,0.6271416580259714,0.247,0,1,EN,2,2,1,3,0,0,0,S12,1826,ANA,False,ANA,0.07279613301571189
1,2,2,1,1,0,1,0,0,2,1,0,0,0,0,0,0,0,0,0,0,0,0,1,0,0.5,0.5,1.0,1.5,0.5,0.5,,0.0,0.0,0.0,0.0,1.0,0.0,202.5,0.5,1.0,1.8827276133383286,0.0366,0,1,XB,2,2,1,2,0,0,0,S12,1839,SFG,False,SFG,0.19835472854694763
1,3,3,1,0,0,1,0,0,2,1,0,0,1,0,0,0,0,0,0,1,0,0,0,0,0.3333333333333333,0.3333333333333333,0.6666666666666666,1.0,0.3333333333333333,0.5,,0.0,0.3333333333333333,0.0,1.0,0.0,,269.6666666666667,0.3333333333333333,0.6666666666666666,-2.1293650793650793,0.03519999999999999,1,0,BC,3,3,1,2,0,0,0,S12,1949,KCR,False,KCR,-0.19781355711683582
1,1,1,1,0,1,0,0,0,1,1,0,0,0,0,0,0,0,0,0,0,0,0,0,0,1.0,1.0,1.0,2.0,0.0,1.0,,0.0,0.0,0.0,,,,99.0,1.0,1.0,1.0,0.0,0,0,BC,1,1,1,1,0,0,0,S12,1960,PIT,False,PIT,0.10504098360655738
1,1,0,0,0,0,0,0,0,0,0,1,0,0,0,0,0,0,0,0,0,0,0,0,0,,1.0,,,,,,0.0,0.0,1.0,,,,133.0,0.0,0.0,0.2694466720128308,0.016,0,0,TT,1,1,0,0,0,0,0,S12,2135,FLA,False,FLA,0.03198565080784045
1,2,2,0,0,0,0,0,0,0,0,0,0,0,0,0,0,0,0,0,0,0,2,0,0,0.0,0.0,0.0,0.0,0.0,0.0,,0.0,0.0,0.0,0.0,1.0,0.0,238.0,0.0,0.0,-0.23946360153256707,-0.06459999999999999,0,2,BP,2,2,0,0,0,0,0,S12,2230,CIN,False,CIN,-0.013864392940141957
1,3,3,0,0,0,0,0,0,0,0,0,0,0,0,0,0,0,0,0,2,0,0,1,0,0.0,0.0,0.0,0.0,0.0,0.0,,0.0,0.0,0.0,0.6666666666666666,0.3333333333333333,2.0,362.6666666666667,0.0,0.0,-3.4309978768577496,-0.0667,2,1,XB,3,3,0,0,0,0,0,S12,2242,KCR,False,KCR,-0.3279768368661028
1,2,1,0,0,0,0,0,0,0,0,1,0,1,0,0,0,0,0,0,0,0,0,0,0,0.0,0.5,0.0,0.5,0.0,,,0.0,0.5,0.5,,,,218.0,0.0,0.0,-0.05120167189132707,-0.014699999999999998,0,0,SF,2,2,0,0,0,0,0,S12,2248,SDP,False,SDP,0.004961800023982045
1,1,1,0,0,0,0,0,0,0,0,0,0,0,0,0,0,0,0,0,0,1,0,0,0,0.0,0.0,0.0,0.0,0.0,0.0,,0.0,0.0,0.0,1.0,0.0,,471.0,0.0,0.0,-0.1724137931034483,-0.0226,1,0,SF,1,1,0,0,0,0,0,S12,2262,TBR,False,TBR,-0.012200395703787453
1,2,2,0,0,0,0,0,0,0,0,0,0,0,0,0,0,0,0,0,1,0,1,0,0,0.0,0.0,0.0,0.0,0.0,0.0,,0.0,0.0,0.0,0.5,0.5,1.0,311.5,0.0,0.0,-2.0857561415370744,-0.0795,1,1,SF,2,2,0,0,0,0,0,S12,2291,CIN,False,CIN,-0.19849364694059268
1,1,1,0,0,0,0,0,0,0,0,0,0,0,0,0,0,0,0,0,0,0,0,1,0,0.0,0.0,0.0,0.0,0.0,0.0,,0.0,0.0,0.0,0.0,1.0,0.0,353.0,0.0,0.0,-4.625,-0.0462,0,1,SF,1,1,0,0,0,0,0,S12,2334,TEX,False,TEX,-0.45745901639344266
1,2,2,1,0,1,0,0,0,1,0,0,0,1,0,0,0,0,0,0,0,0,0,0,0,0.5,0.5,0.5,1.0,0.0,1.0,,0.0,0.5,0.0,,,,212.5,0.5,0.5,1.2707792207792208,-0.0013000000000000025,0,0,BC,2,2,1,1,0,0,0,S12,2342,KCR,False,KCR,0.13715988929103684
1,3,3,0,0,0,0,0,0,0,0,0,0,0,0,0,0,0,0,0,0,0,2,1,0,0.0,0.0,0.0,0.0,0.0,0.0,,0.0,0.0,0.0,0.0,1.0,0.0,244.66666666666666,0.0,0.0,-1.022915293945384,-0.0306,0,3,TT,3,3,0,0,0,0,0,S12,2371,CHC,False,CHC,-0.08716857857486628
1,2,2,1,0,0,1,0,0,2,0,0,0,1,0,0,0,0,0,0,0,0,0,0,0,0.5,0.5,1.0,1.5,0.5,1.0,,0.0,0.5,0.0,,,,164.0,0.5,1.0,1.7103138202348807,0.006999999999999996,0,0,S,2,2,1,2,0,0,0,S12,2397,SFG,False,SFG,0.18111334923660283
1,1,1,0,0,0,0,0,0,0,0,0,0,0,0,0,0,0,0,0,0,1,0,0,0,0.0,0.0,0.0,0.0,0.0,0.0,,0.0,0.0,0.0,1.0,0.0,,457.0,0.0,0.0,-0.06704980842911878,-0.0218,1,0,HK,1,1,0,0,0,0,0,S12,2455,SFG,False,SFG,-0.0016639972363545023
1,2,2,0,0,0,0,0,0,0,0,0,0,1,0,0,0,0,0,0,1,0,0,0,0,0.0,0.0,0.0,0.0,0.0,0.0,,0.0,0.5,0.0,1.0,0.0,,376.5,0.0,0.0,-0.06704980842911878,-0.0527,1,0,BP,2,2,0,0,0,0,0,S12,2467,SDP,False,SDP,0.003376986370202874
1,1,0,0,0,0,0,0,0,0,0,1,0,0,0,0,0,0,0,0,0,0,0,0,0,,1.0,,,,,,0.0,0.0,1.0,,,,95.0,0.0,0.0,-0.4418604651162791,0.0151,0,0,TT,1,1,0,0,0,0,0,S12,2482,ARI,False,ARI,-0.039145062905070534
1,3,3,2,0,1,0,1,0,4,0,0,0,0,0,0,0,0,0,0,0,0,0,1,0,0.6666666666666666,0.6666666666666666,1.3333333333333333,2.0,0.6666666666666666,0.6666666666666666,,0.0,0.0,0.0,0.0,1.0,0.0,135.0,0.6666666666666666,1.3333333333333333,0.017800451250923388,-0.011399999999999997,0,1,SF,3,3,2,4,0,0,0,S12,2486,ATL,False,ATL,0.01690299594476447
1,2,2,0,0,0,0,0,0,0,0,0,0,0,0,0,0,0,0,1,1,1,0,0,0,0.0,0.0,0.0,0.0,0.0,0.0,,0.0,0.0,0.0,1.0,0.0,,405.0,0.0,0.0,-1.8949477201179379,-0.09100000000000001,3,0,BC,2,2,0,0,0,0,0,S12,2487,OAK,False,OAK,-0.17941280479867902
1,2,2,0,0,0,0,0,0,0,0,0,0,0,0,0,0,0,0,1,1,0,0,1,0,0.0,0.0,0.0,0.0,0.0,0.0,,0.0,0.0,0.0,0.6666666666666666,0.3333333333333333,2.0,373.0,0.0,0.0,-5.55599787685775,-0.1308,2,1,BC,2,2,0,0,0,0,0,S12,2504,MIL,False,MIL,-0.5455178204726602
1,2,1,0,0,0,0,0,0,0,0,1,0,0,0,0,0,0,0,0,0,0,1,0,0,0.0,0.5,0.0,0.5,0.0,0.0,,0.0,0.0,0.5,0.0,1.0,0.0,180.5,0.0,0.0,-0.16155120484491875,0.001800000000000003,0,1,S,2,2,0,0,0,0,0,S12,2509,STL,False,STL,-0.006073153271377123
1,1,1,0,0,0,0,0,0,0,0,0,0,0,0,0,0,0,0,0,0,0,0,1,0,0.0,0.0,0.0,0.0,0.0,0.0,,0.0,0.0,0.0,0.0,1.0,0.0,315.0,0.0,0.0,-0.16091954022988503,-0.0253,0,1,S,1,1,0,0,0,0,0,S12,2518,DET,False,DET,-0.011050970416431128
1,1,1,1,0,0,1,0,0,2,0,0,0,0,0,0,0,0,0,0,0,0,0,0,0,1.0,1.0,2.0,3.0,1.0,1.0,,0.0,0.0,0.0,,,,44.0,1.0,2.0,0.48275862068965514,0.001,0,0,TT,1,1,1,2,0,0,0,S12,2524,CHC,False,CHC,0.053316845675522896
1,2,2,0,0,0,0,0,0,0,0,0,0,0,0,0,0,0,0,0,0,0,0,2,0,0.0,0.0,0.0,0.0,0.0,0.0,,0.0,0.0,0.0,0.0,1.0,0.0,441.5,0.0,0.0,-0.34601832276250877,-0.0006000000000000001,0,2,S,2,2,0,0,0,0,0,S12,2532,PIT,False,PIT,-0.024519865063136127
1,1,1,1,1,1,0,0,0,1,0,0,0,0,0,0,0,0,0,0,0,0,0,0,0,1.0,1.0,1.0,2.0,0.0,1.0,,0.0,0.0,0.0,,,,80.0,1.0,1.0,2.220779220779221,0.0723,0,0,1B,1,1,1,1,0,0,0,S12,2543,HOU,False,HOU,0.22711890568447948
1,1,1,0,0,0,0,0,0,0,0,0,0,0,0,0,0,0,0,0,0,1,0,0,0,0.0,0.0,0.0,0.0,0.0,0.0,,0.0,0.0,0.0,1.0,0.0,,433.0,0.0,0.0,-0.1724137931034483,-0.0022,1,0,P,1,1,0,0,0,0,0,S12,2544,OAK,False,OAK,-0.012200395703787453
1,3,2,1,2,0,1,0,0,2,2,1,0,0,0,0,0,0,0,0,0,0,1,0,0,0.5,0.6666666666666666,1.0,1.6666666666666665,0.5,0.5,,0.0,0.0,0.3333333333333333,0.0,1.0,0.0,213.66666666666666,0.3333333333333333,0.3333333333333333,-2.20813998762055,0.016200000000000003,0,1,1B,3,3,1,1,0,0,0,S12,2545,MIN,False,MIN,-0.20569104794238285
1,2,2,0,0,0,0,0,0,0,0,0,0,1,0,0,0,0,0,0,1,0,0,0,0,0.0,0.0,0.0,0.0,0.0,0.0,,0.0,0.5,0.0,1.0,0.0,,356.0,0.0,0.0,-0.5919174170876346,-0.0268,1,0,XB,2,2,0,0,0,0,0,S12,2589,BAL,False,BAL,-0.049109774495648705
1,2,2,1,1,0,1,0,0,2,1,0,0,0,0,0,0,0,0,0,0,1,0,0,0,0.5,0.5,1.0,1.5,0.5,0.5,,0.0,0.0,0.0,1.0,0.0,,245.0,0.5,1.0,0.7714514835605452,0.049499999999999995,1,0,BC,2,2,1,2,0,0,0,S12,2597,TOR,False,TOR,0.08722711556916926
1,1,1,1,0,0,1,0,0,2,1,0,0,0,0,0,0,0,0,0,0,0,0,0,0,1.0,1.0,2.0,3.0,1.0,1.0,,0.0,0.0,0.0,,,,45.0,1.0,2.0,1.0,0.0492,0,0,S,1,1,1,2,0,0,0,S12,2598,KCR,False,KCR,0.10504098360655738
1,3,3,0,0,0,0,0,0,0,0,0,0,1,0,0,0,0,0,0,1,0,1,0,0,0.0,0.0,0.0,0.0,0.0,0.0,,0.0,0.3333333333333333,0.0,0.5,0.5,1.0,276.3333333333333,0.0,0.0,-2.524555903866249,-0.0824,1,1,XB,3,3,0,0,0,0,0,S12,2616,NYY,False,NYY,-0.23733263956695275
1,2,2,2,1,1,1,0,0,3,0,0,0,0,0,0,0,0,0,0,0,0,0,0,0,1.0,1.0,1.5,2.5,0.5,1.0,,0.0,0.0,0.0,,,,87.0,1.0,1.5,1.3217758985200847,0.1414,0,0,SM,2,2,2,3,0,0,0,S12,2634,TEX,False,TEX,0.14225955706512322
1,2,2,0,0,0,0,0,0,0,0,0,0,0,0,0,0,0,0,0,1,0,1,0,0,0.0,0.0,0.0,0.0,0.0,0.0,,0.0,0.0,0.0,0.5,0.5,1.0,343.5,0.0,0.0,-0.8728583419740286,-0.08779999999999999,1,1,BC,2,2,0,0,0,0,0,S12,2637,TBR,False,TBR,-0.0772038669842881
1,2,2,0,0,0,0,0,0,0,0,0,0,1,0,0,0,0,0,0,0,0,1,0,0,0.0,0.0,0.0,0.0,0.0,0.0,,0.0,0.5,0.0,0.0,1.0,0.0,215.0,0.0,0.0,-1.342737722048067,-0.0648,0,1,EN,2,2,0,0,0,0,0,S12,2640,ANA,False,ANA,-0.12419180499169194
1,3,2,2,2,0,1,0,1,6,2,1,0,0,0,0,0,0,0,0,0,0,0,0,0,1.0,1.0,3.0,4.0,2.0,1.0,,0.3333333333333333,0.0,0.3333333333333333,,,,55.666666666666664,0.6666666666666666,2.0,2.121212121212121,0.19840000000000002,0,0,WC,3,3,2,6,0,0,0,S12,2642,ATL,False,ATL,0.22724416294088426
1,1,1,0,0,0,0,0,0,0,0,0,0,0,0,0,0,0,0,0,1,0,0,0,0,0.0,0.0,0.0,0.0,0.0,0.0,,0.0,0.0,0.0,1.0,0.0,,428.0,0.0,0.0,-0.43099787685774954,-0.0294,1,0,TT,1,1,0,0,0,0,0,S12,2664,LAD,False,LAD,-0.03805880407921758
1,2,2,0,0,0,0,0,0,0,0,0,0,0,0,0,0,0,0,0,0,1,0,1,0,0.0,0.0,0.0,0.0,0.0,0.0,,0.0,0.0,0.0,0.5,0.5,1.0,405.0,0.0,0.0,-0.6034116699611978,-0.0327,1,1,BC,2,2,0,0,0,0,0,S12,2668,CWS,False,CWS,-0.050259199783005026
1,3,3,1,0,0,1,0,0,2,0,0,0,0,0,0,0,0,0,0,0,0,1,1,0,0.3333333333333333,0.3333333333333333,0.6666666666666666,1.0,0.3333333333333333,0.3333333333333333,,0.0,0.0,0.0,0.0,1.0,0.0,205.0,0.3333333333333333,0.6666666666666666,1.051346594718127,-0.004100000000000006,0,2,S,3,3,1,2,0,0,0,S12,2673,CLE,False,CLE,0.12025761029148482
1,3,3,2,2,0,0,1,1,7,2,0,0,0,0,0,0,0,0,0,1,0,0,0,0,0.6666666666666666,0.6666666666666666,2.3333333333333335,3.0,1.666666666666667,0.5,,0.3333333333333333,0.0,0.0,1.0,0.0,,152.66666666666666,0.6666666666666666,2.3333333333333335,2.3243387405478333,0.0878,1,0,BP,3,3,2,7,0,0,0,S12,2675,SEA,False,SEA,0.24755682487445546
1,2,2,1,0,1,0,0,0,1,1,0,0,0,0,0,0,0,0,0,0,0,1,0,0,0.5,0.5,0.5,1.0,0.0,0.5,,0.0,0.0,0.0,0.0,1.0,0.0,174.0,0.5,0.5,0.6142742582197274,-0.0029,0,1,BC,2,2,1,1,0,0,0,S12,2679,PHI,False,PHI,0.07150939303508749
1,2,2,0,0,0,0,0,0,0,0,0,0,1,0,0,0,0,0,0,0,0,1,0,0,0.0,0.0,0.0,0.0,0.0,0.0,,0.0,0.5,0.0,0.0,1.0,0.0,261.5,0.0,0.0,-0.5919174170876346,-0.0722,0,1,TT,2,2,0,0,0,0,0,S12,2681,MTL,False,MTL,-0.049109774495648705
1,1,1,0,0,0,0,0,0,0,0,0,0,0,0,0,0,0,0,0,0,1,0,0,0,0.0,0.0,0.0,0.0,0.0,0.0,,0.0,0.0,0.0,1.0,0.0,,431.0,0.0,0.0,-0.43099787685774954,-0.0294,1,0,BC,1,1,0,0,0,0,0,S12,2683,NYM,False,NYM,-0.03805880407921758
1,2,2,1,0,1,0,0,0,1,2,0,0,1,0,0,0,0,0,0,0,0,0,0,0,0.5,0.5,0.5,1.0,0.0,1.0,,0.0,0.5,0.0,,,,211.5,0.0,0.0,2.2694466720128306,0.1817,0,0,1B,2,2,0,0,0,0,0,S12,2692,SEA,False,SEA,0.2370266344143978
1,2,2,1,1,0,0,0,1,4,1,0,0,0,0,0,0,0,0,0,0,1,0,0,0,0.5,0.5,2.0,2.5,1.5,0.0,,0.5,0.0,0.0,1.0,0.0,,241.0,0.5,2.0,0.8390804597701149,0.1159,1,0,BN,2,2,1,4,0,0,0,S12,2696,FLA,False,FLA,0.09399001319012625
1,2,2,0,0,0,0,0,0,0,0,0,0,1,0,0,0,0,0,0,1,0,0,0,0,0.0,0.0,0.0,0.0,0.0,0.0,,0.0,0.5,0.0,1.0,0.0,,368.0,0.0,0.0,-0.6142742582197274,-0.0655,1,0,WC,2,2,0,0,0,0,0,S12,2706,MTL,False,MTL,-0.05134545860885799
1,2,2,1,0,1,0,0,0,1,0,0,0,0,0,0,0,0,0,0,0,0,1,0,0,0.5,0.5,0.5,1.0,0.0,0.5,,0.0,0.0,0.0,0.0,1.0,0.0,132.0,0.5,0.5,-0.3097857556456283,-0.0038000000000000004,0,1,HK,2,2,1,1,0,0,0,S12,2710,OAK,False,OAK,-0.020896608351448083
1,3,2,2,1,1,1,0,0,3,0,1,0,0,0,0,0,0,0,0,0,0,0,0,0,1.0,1.0,1.5,2.5,0.5,1.0,,0.0,0.0,0.3333333333333333,,,,96.66666666666667,0.6666666666666666,1.0,3.371827884758919,0.0813,0,0,S,3,3,2,3,0,0,0,S12,2723,PHI,False,PHI,0.3523057392955641
1,1,1,1,1,0,0,0,1,4,2,0,0,0,0,0,0,0,0,0,0,0,0,0,0,1.0,1.0,4.0,5.0,3.0,,,1.0,0.0,0.0,,,,11.0,1.0,4.0,0.7619047619047619,0.0206,0,0,MH,1,1,1,4,0,0,0,S12,2730,ATL,False,ATL,0.08123145979703357
1,2,2,1,0,1,0,0,0,1,1,0,0,1,0,0,0,0,0,0,0,0,0,0,0,0.5,0.5,0.5,1.0,0.0,1.0,,0.0,0.5,0.0,,,,185.5,0.5,0.5,0.7809409248863941,0.1051,0,0,XB,2,2,1,1,0,0,0,S12,2734,ANA,False,ANA,0.08817605970175416
1,2,2,0,0,0,0,0,0,0,0,0,0,2,0,0,0,0,0,0,0,0,0,0,0,0.0,0.0,0.0,0.0,0.0,,,0.0,1.0,0.0,,,,260.5,0.0,0.0,-0.8619957537154991,-0.0379,0,0,S,2,2,0,0,0,0,0,S12,2736,NYY,False,NYY,-0.07611760815843516
1,2,2,1,0,1,0,0,0,1,0,0,0,0,0,0,0,0,0,0,0,0,1,0,0,0.5,0.5,0.5,1.0,0.0,0.5,,0.0,0.0,0.0,0.0,1.0,0.0,147.5,0.5,0.5,0.21686001237945018,-0.04429999999999999,0,1,P,2,2,1,1,0,0,0,S12,2738,CLE,False,CLE,0.031767968451059767
1,2,2,2,1,0,2,0,0,4,0,0,0,0,0,0,0,0,0,0,0,0,0,0,0,1.0,1.0,2.0,3.0,1.0,1.0,,0.0,0.0,0.0,,,,42.0,1.0,2.0,-0.20069484655471914,0.1205,0,0,XB,2,2,2,4,0,0,0,S12,2752,KCR,False,KCR,-0.009987517442357163
1,2,2,1,1,0,1,0,0,2,0,0,0,0,0,0,0,0,0,0,0,0,0,1,0,0.5,0.5,1.0,1.5,0.5,0.5,,0.0,0.0,0.0,0.0,1.0,0.0,196.5,0.5,1.0,0.2164750957854406,0.0005000000000000004,0,1,TT,2,2,1,2,0,0,0,S12,2761,CHC,False,CHC,0.031729476791658814
1,2,2,0,0,0,0,0,0,0,0,0,0,0,0,0,0,0,0,0,0,1,1,0,0,0.0,0.0,0.0,0.0,0.0,0.0,,0.0,0.0,0.0,0.5,0.5,1.0,356.5,0.0,0.0,-0.4980476852868683,-0.0975,1,1,BP,2,2,0,0,0,0,0,S12,2768,STL,False,STL,-0.039722801315572084
1,2,2,0,0,0,0,0,0,0,0,0,0,1,0,0,0,0,0,0,0,0,1,0,0,0.0,0.0,0.0,0.0,0.0,0.0,,0.0,0.5,0.0,0.0,1.0,0.0,238.0,0.0,0.0,-0.17360452965906048,-0.0298,0,1,BN,2,2,0,0,0,0,0,S12,2773,ARI,False,ARI,-0.007278485752791296
1,3,3,1,1,0,1,0,0,2,0,0,0,0,0,0,0,0,0,0,0,0,2,0,0,0.3333333333333333,0.3333333333333333,0.6666666666666666,1.0,0.3333333333333333,0.3333333333333333,,0.0,0.0,0.0,0.0,1.0,0.0,167.0,0.3333333333333333,0.6666666666666666,1.4390447470514038,-0.0336,0,2,BC,3,3,1,2,0,0,0,S12,2774,ATL,False,ATL,0.1590274255248125
1,3,3,1,1,0,1,0,0,2,1,0,0,1,0,0,0,0,0,0,0,0,1,0,0,0.3333333333333333,0.3333333333333333,0.6666666666666666,1.0,0.3333333333333333,0.5,,0.0,0.3333333333333333,0.0,0.0,1.0,0.0,211.33333333333334,0.3333333333333333,0.6666666666666666,0.6099002787156265,-0.003799999999999998,0,1,BC,3,3,1,2,0,0,0,S12,2787,SEA,False,SEA,0.07611297869123478
1,2,2,0,0,0,0,0,0,0,0,0,0,0,0,0,0,0,0,0,1,0,0,1,0,0.0,0.0,0.0,0.0,0.0,0.0,,0.0,0.0,0.0,0.5,0.5,1.0,332.5,0.0,0.0,-0.6034116699611978,-0.0349,1,1,XB,2,2,0,0,0,0,0,S12,2789,FLA,False,FLA,-0.050259199783005026
1,2,2,0,0,0,0,0,0,0,0,0,0,0,0,0,0,0,0,0,1,1,0,0,0,0.0,0.0,0.0,0.0,0.0,0.0,,0.0,0.0,0.0,1.0,0.0,,445.5,0.0,0.0,-0.3333333333333333,-0.0432,2,0,BC,2,2,0,0,0,0,0,S12,2800,STL,False,STL,-0.02325136612021858
1,1,1,0,0,0,0,0,0,0,0,0,0,0,0,0,0,0,0,0,0,0,1,0,0,0.0,0.0,0.0,0.0,0.0,0.0,,0.0,0.0,0.0,0.0,1.0,0.0,243.0,0.0,0.0,-0.16091954022988503,-0.0265,0,1,WC,1,1,0,0,0,0,0,S12,2804,NYM,False,NYM,-0.011050970416431128
1,3,2,1,1,0,1,0,0,2,1,1,0,0,0,0,0,0,0,0,0,0,0,1,0,0.5,0.6666666666666666,1.0,1.6666666666666665,0.5,0.5,,0.0,0.0,0.3333333333333333,0.0,1.0,0.0,154.33333333333334,0.3333333333333333,0.6666666666666666,0.8619065367363195,0.067,0,1,S,3,3,1,2,0,0,0,S12,2815,ATL,False,ATL,0.10131360449330407
1,3,3,1,0,1,0,0,0,1,1,0,0,1,0,0,1,0,0,0,0,0,0,1,0,0.3333333333333333,0.3333333333333333,0.3333333333333333,0.6666666666666666,0.0,0.5,0.0,0.0,0.3333333333333333,0.0,0.0,1.0,0.0,311.75,0.3333333333333333,0.3333333333333333,0.0,0.051799999999999985,0,1,BC,3,3,1,1,0,0,0,S12,2816,ANA,False,ANA,0.015122950819672128
1,3,2,0,0,0,0,0,0,0,0,1,0,0,0,0,0,0,0,0,1,0,0,1,0,0.0,0.3333333333333333,0.0,0.3333333333333333,0.0,0.0,,0.0,0.0,0.3333333333333333,0.5,0.5,1.0,280.3333333333333,0.0,0.0,-0.2121212121212121,-0.036699999999999997,1,1,XB,3,3,0,0,0,0,0,S12,2821,TEX,False,TEX,-0.006089170392449081
1,2,1,0,0,0,0,0,0,0,0,1,0,1,0,0,0,0,0,0,0,0,0,0,0,0.0,0.5,0.0,0.5,0.0,,,0.0,0.5,0.5,,,,213.0,0.0,0.0,0.44103454931480407,0.007199999999999998,0,0,BC,2,2,0,0,0,0,0,S12,2825,FLA,False,FLA,0.054185422144595166
1,2,2,1,0,0,1,0,0,2,0,0,0,1,0,0,0,0,0,0,0,0,0,0,0,0.5,0.5,1.0,1.5,0.5,1.0,,0.0,0.5,0.0,,,,166.0,0.5,1.0,-0.042108987968860645,0.019400000000000008,0,0,XB,2,2,1,2,0,0,0,S12,2826,LAD,False,LAD,0.005871068416228688
1,2,2,1,0,1,0,0,0,1,0,0,0,0,0,0,0,0,0,1,0,1,0,0,0,0.5,0.5,0.5,1.0,0.0,0.5,,0.0,0.0,0.0,1.0,0.0,,270.0,0.5,0.5,0.4174869716270991,0.014700000000000001,2,0,BC,2,2,1,1,0,0,0,S12,2835,OAK,False,OAK,0.05183066437582466
1,1,1,0,0,0,0,0,0,0,0,0,0,0,0,0,0,0,0,0,0,0,0,1,0,0.0,0.0,0.0,0.0,0.0,0.0,,0.0,0.0,0.0,0.0,1.0,0.0,385.0,0.0,0.0,-0.16091954022988503,-0.0183,0,1,BC,1,1,0,0,0,0,0,S12,2838,BOS,False,BOS,-0.011050970416431128
1,2,2,0,0,0,0,0,0,0,0,0,0,0,0,0,0,0,0,0,0,1,1,0,0,0.0,0.0,0.0,0.0,0.0,0.0,,0.0,0.0,0.0,0.5,0.5,1.0,363.0,0.0,0.0,-0.3448275862068966,-0.0534,1,1,SM,2,2,0,0,0,0,0,S12,2840,NYM,False,NYM,-0.024400791407574906
1,1,1,0,0,0,0,0,0,0,0,0,0,0,0,0,0,0,0,0,1,0,0,0,0,0.0,0.0,0.0,0.0,0.0,0.0,,0.0,0.0,0.0,1.0,0.0,,433.0,0.0,0.0,-0.1724137931034483,-0.0137,1,0,SF,1,1,0,0,0,0,0,S12,2842,ARI,False,ARI,-0.012200395703787453
1,2,2,1,1,0,0,0,1,4,1,0,0,0,0,0,0,0,0,0,0,0,1,0,0,0.5,0.5,2.0,2.5,1.5,0.0,,0.5,0.0,0.0,0.0,1.0,0.0,134.5,0.5,2.0,0.5581395348837209,0.07050000000000001,0,1,1B,2,2,1,4,0,0,0,S12,2844,BOS,False,BOS,0.06589592070148684
1,2,1,0,0,0,0,0,0,0,0,1,0,0,0,0,0,0,0,0,0,0,1,0,0,0.0,0.5,0.0,0.5,0.0,0.0,,0.0,0.0,0.5,0.0,1.0,0.0,147.0,0.0,0.0,0.44103454931480407,-0.0184,0,1,BP,2,2,0,0,0,0,0,S12,2846,COL,False,COL,0.054185422144595166
1,3,3,0,0,0,0,0,0,0,0,0,0,0,0,0,0,0,0,0,0,1,2,0,0,0.0,0.0,0.0,0.0,0.0,0.0,,0.0,0.0,0.0,0.3333333333333333,0.6666666666666666,0.5,345.6666666666667,0.0,0.0,-0.34601832276250877,-0.0887,1,2,BC,3,3,0,0,0,0,0,S12,2847,LAD,False,LAD,-0.019478881456578747
1,3,3,1,0,0,1,0,0,2,0,0,0,0,0,0,0,0,0,0,2,0,0,0,0,0.3333333333333333,0.3333333333333333,0.6666666666666666,1.0,0.3333333333333333,0.3333333333333333,,0.0,0.0,0.0,1.0,0.0,,302.3333333333333,0.3333333333333333,0.6666666666666666,1.2275551995452254,-0.0020999999999999977,2,0,WC,3,3,1,2,0,0,0,S12,2848,TEX,False,TEX,0.13787847077419466
1,2,2,0,0,0,0,0,0,0,0,0,0,1,0,0,0,0,0,0,0,0,0,1,0,0.0,0.0,0.0,0.0,0.0,0.0,,0.0,0.5,0.0,0.0,1.0,0.0,322.0,0.0,0.0,-0.602780005346164,-0.0742,0,1,BN,2,2,0,0,0,0,0,S12,2852,DET,False,DET,-0.05019603332150165
1,3,1,0,1,0,0,0,0,0,0,2,0,0,0,1,1,0,0,0,0,0,0,1,0,0.0,0.6666666666666666,0.0,0.6666666666666666,0.0,0.0,0.5,0.0,0.0,0.6666666666666666,0.0,1.0,0.0,259.0,0.0,0.0,-0.6547619047619047,0.02489999999999999,0,1,WC,3,3,0,0,0,0,0,S12,2853,SEA,False,SEA,-0.050353239656518334
1,2,2,0,0,0,0,0,0,0,0,0,0,0,0,0,0,0,0,0,0,0,1,1,0,0.0,0.0,0.0,0.0,0.0,0.0,,0.0,0.0,0.0,0.0,1.0,0.0,287.0,0.0,0.0,-2.6891678114982724,-0.0651,0,2,BC,2,2,0,0,0,0,0,S12,2854,SFG,False,SFG,-0.2588348139367125
1,1,0,0,1,0,0,0,0,0,0,1,0,0,0,0,0,0,0,0,0,0,0,0,0,,1.0,,,,,,0.0,0.0,1.0,,,,150.0,0.0,0.0,0.2694466720128308,0.0001,0,0,WC,1,1,0,0,0,0,0,S12,2856,OAK,False,OAK,0.03198565080784045
1,2,2,1,1,0,1,0,0,2,0,0,0,0,0,0,0,0,0,0,0,0,1,0,0,0.5,0.5,1.0,1.5,0.5,0.5,,0.0,0.0,0.0,0.0,1.0,0.0,109.0,0.5,1.5,1.4408671482220496,0.0566,0,1,SF,2,2,1,3,0,0,0,S12,2857,PHI,False,PHI,0.15416868203531972
1,2,2,1,0,1,0,0,0,1,0,0,0,1,0,0,0,0,0,0,0,0,0,0,0,0.5,0.5,0.5,1.0,0.0,1.0,,0.0,0.5,0.0,,,,282.5,0.0,0.0,-0.03970741901776381,-0.0201,0,0,BN,2,2,0,0,0,0,0,S12,2858,PIT,False,PIT,0.006111225311338371
1,1,1,0,0,0,0,0,0,0,0,0,0,0,0,0,0,0,0,0,1,0,0,0,0,0.0,0.0,0.0,0.0,0.0,0.0,,0.0,0.0,0.0,1.0,0.0,,446.0,0.0,0.0,-0.43099787685774954,-0.027000000000000003,1,0,S,1,1,0,0,0,0,0,S12,2864,SDP,False,SDP,-0.03805880407921758
1,1,1,0,0,0,0,0,0,0,0,0,0,0,0,0,0,0,0,0,0,0,0,1,0,0.0,0.0,0.0,0.0,0.0,0.0,,0.0,0.0,0.0,0.0,1.0,0.0,388.0,0.0,0.0,-0.16091954022988503,-0.0137,0,1,BP,1,1,0,0,0,0,0,S12,2874,HOU,False,HOU,-0.011050970416431128
1,3,3,1,1,0,1,0,0,2,1,0,0,0,0,0,0,0,0,0,0,0,1,1,0,0.3333333333333333,0.3333333333333333,0.6666666666666666,1.0,0.3333333333333333,0.3333333333333333,,0.0,0.0,0.0,0.0,1.0,0.0,242.66666666666666,0.3333333333333333,0.6666666666666666,0.6666666666666666,0.0042,0,2,S,3,3,1,2,0,0,0,S12,2878,PHI,False,PHI,0.0817896174863388
1,3,3,0,0,0,0,0,0,0,0,0,0,0,0,0,0,0,0,0,0,0,2,1,0,0.0,0.0,0.0,0.0,0.0,0.0,,0.0,0.0,0.0,0.0,1.0,0.0,211.66666666666666,0.0,0.0,-2.7868323550226886,-0.061099999999999995,0,3,SF,3,3,0,0,0,0,0,S12,2880,ANA,False,ANA,-0.26356028468259673
1,2,2,0,0,0,0,0,0,0,0,0,0,0,0,0,0,0,0,0,1,0,0,1,0,0.0,0.0,0.0,0.0,0.0,0.0,,0.0,0.0,0.0,0.5,0.5,1.0,405.0,0.0,0.0,-0.6670498084291188,-0.1261,1,1,P,2,2,0,0,0,0,0,S12,2887,CLE,False,CLE,-0.056623013629797124
1,2,2,0,0,0,0,0,0,0,0,0,0,1,0,0,0,0,0,0,0,0,1,0,0,0.0,0.0,0.0,0.0,0.0,0.0,,0.0,0.5,0.0,0.0,1.0,0.0,192.5,0.0,0.0,-1.0970328789093826,-0.0718,0,1,MH,2,2,0,0,0,0,0,S12,2893,ARI,False,ARI,-0.0996213206778235
1,4,3,2,2,1,1,0,0,3,0,1,0,1,0,0,0,0,0,0,0,0,0,0,0,0.6666666666666666,0.75,1.0,1.75,0.33333333333333337,1.0,,0.0,0.25,0.25,,,,190.25,0.5,0.5,4.025539260290103,0.061399999999999996,0,0,BN,4,4,2,2,0,0,0,S12,2900,MIN,False,MIN,0.4227178604552398
1,2,1,1,0,1,0,0,0,1,0,1,0,0,0,1,0,0,0,0,0,0,0,0,0,1.0,1.0,1.0,2.0,0.0,1.0,1.0,0.0,0.0,0.5,,,,154.0,0.5,0.5,0.5101010101010102,0.055,0,0,SM,2,2,1,1,0,0,0,S12,2902,ARI,False,ARI,0.061092068223215765
1,2,2,1,1,0,1,0,0,2,0,0,0,0,0,0,0,0,0,0,1,0,0,0,0,0.5,0.5,1.0,1.5,0.5,0.5,,0.0,0.0,0.0,1.0,0.0,,205.0,0.5,1.0,1.4517297364805792,0.03949999999999999,1,0,1B,2,2,1,2,0,0,0,S12,2904,CIN,False,CIN,0.1552549408611727
1,2,2,0,0,0,0,0,0,0,0,0,0,0,0,0,0,0,0,0,1,0,1,0,0,0.0,0.0,0.0,0.0,0.0,0.0,,0.0,0.0,0.0,0.5,0.5,1.0,329.0,0.0,0.0,-0.6142742582197274,-0.0563,1,1,S,2,2,0,0,0,0,0,S12,2908,NYM,False,NYM,-0.05134545860885799
1,3,3,1,0,0,0,1,0,3,1,0,0,1,0,0,0,0,0,0,0,0,0,1,0,0.3333333333333333,0.3333333333333333,1.0,1.3333333333333333,0.6666666666666667,0.5,,0.0,0.3333333333333333,0.0,0.0,1.0,0.0,196.66666666666666,0.3333333333333333,1.0,-0.5468726675623228,-0.0535,0,1,BC,3,3,1,3,0,0,0,S12,2911,CHC,False,CHC,-0.039564315936560145
1,2,1,0,0,0,0,0,0,0,0,1,0,1,0,0,0,0,0,0,0,0,0,0,0,0.0,0.5,0.0,0.5,0.0,,,0.0,0.5,0.5,,,,248.0,0.0,0.0,-0.3097857556456283,-0.007599999999999999,0,0,BC,2,2,0,0,0,0,0,S12,2913,MTL,False,MTL,-0.020896608351448083
1,3,3,2,1,1,0,0,1,5,1,0,0,0,0,0,0,0,0,0,0,1,0,0,0,0.6666666666666666,0.6666666666666666,1.6666666666666667,2.3333333333333335,1.0,0.5,,0.3333333333333333,0.0,0.0,1.0,0.0,,188.0,0.6666666666666666,1.6666666666666667,0.8384487951550812,0.1621,1,0,BN,3,3,2,5,0,0,0,S12,2914,MTL,False,MTL,0.09896783033518025
1,2,2,0,0,0,0,0,0,0,0,0,0,0,0,0,0,0,0,0,0,0,2,0,0,0.0,0.0,0.0,0.0,0.0,0.0,,0.0,0.0,0.0,0.0,1.0,0.0,200.5,0.0,0.0,-0.6034116699611978,-0.018,0,2,WC,2,2,0,0,0,0,0,S12,2922,BAL,False,BAL,-0.050259199783005026
1,2,2,1,0,1,0,0,0,1,0,0,0,0,0,0,0,0,0,0,1,0,0,0,0,0.5,0.5,0.5,1.0,0.0,0.5,,0.0,0.0,0.0,1.0,0.0,,238.5,0.5,0.5,-0.9252507504209679,0.0293,1,0,BC,2,2,1,1,0,0,0,S12,2933,BOS,False,BOS,-0.08244310782898204
1,2,2,1,1,0,1,0,0,2,0,0,0,0,0,0,0,0,0,1,1,0,0,0,0,0.5,0.5,1.0,1.5,0.5,0.5,,0.0,0.0,0.0,1.0,0.0,,190.5,0.5,1.0,1.4281821587928742,0.025199999999999993,2,0,SF,2,2,1,2,0,0,0,S12,2942,ATL,False,ATL,0.1529001830924022
1,1,1,0,0,0,0,0,0,0,0,0,0,0,0,0,0,0,0,0,0,0,0,1,0,0.0,0.0,0.0,0.0,0.0,0.0,,0.0,0.0,0.0,0.0,1.0,0.0,377.0,0.0,0.0,-0.1724137931034483,-0.0179,0,1,BN,1,1,0,0,0,0,0,S12,2943,DET,False,DET,-0.012200395703787453
1,2,2,1,1,0,0,0,1,4,1,0,0,0,0,0,0,0,0,0,1,0,0,0,0,0.5,0.5,2.0,2.5,1.5,0.0,,0.5,0.0,0.0,1.0,0.0,,237.5,0.5,2.0,-0.25,0.009099999999999997,1,0,XB,2,2,1,4,0,0,0,S12,2944,SEA,False,SEA,-0.01491803278688525
1,2,2,1,1,0,1,0,0,2,0,0,0,0,0,0,0,0,0,0,0,0,0,1,0,0.5,0.5,1.0,1.5,0.5,0.5,,0.0,0.0,0.0,0.0,1.0,0.0,194.5,0.5,1.0,1.4517297364805792,0.0315,0,1,BP,2,2,1,2,0,0,0,S12,2946,NYM,False,NYM,0.1552549408611727
1,2,1,0,1,0,0,0,0,0,0,1,0,1,0,0,0,0,0,0,0,0,0,0,0,0.0,0.5,0.0,0.5,0.0,,,0.0,0.5,0.5,,,,259.5,0.0,0.0,0.43017196105627453,0.001799999999999996,0,0,TT,2,2,0,0,0,0,0,S12,2948,MIL,False,MIL,0.053099163318742204
1,2,2,0,0,0,0,0,0,0,0,0,0,0,0,0,0,0,0,0,0,0,2,0,0,0.0,0.0,0.0,0.0,0.0,0.0,,0.0,0.0,0.0,0.0,1.0,0.0,202.5,0.0,0.0,-0.5919174170876346,-0.031,0,2,BP,2,2,0,0,0,0,0,S12,2949,SEA,False,SEA,-0.049109774495648705
1,1,1,0,0,0,0,0,0,0,0,0,0,0,0,0,0,0,0,0,0,0,0,1,0,0.0,0.0,0.0,0.0,0.0,0.0,,0.0,0.0,0.0,0.0,1.0,0.0,400.0,0.0,0.0,-0.16091954022988503,-0.0183,0,1,BC,1,1,0,0,0,0,0,S12,2950,FLA,False,FLA,-0.011050970416431128
1,1,1,1,1,0,0,0,1,4,3,0,0,0,0,0,0,0,0,0,0,0,0,0,0,1.0,1.0,4.0,5.0,3.0,,,1.0,0.0,0.0,,,,0.0,1.0,4.0,2.5724137931034483,0.0017000000000000001,0,0,BN,1,1,1,4,0,0,0,S12,2959,OAK,False,OAK,0.2622823629169022
1,2,2,0,0,0,0,0,0,0,0,0,0,0,0,0,0,0,0,0,0,0,2,0,0,0.0,0.0,0.0,0.0,0.0,0.0,,0.0,0.0,0.0,0.0,1.0,0.0,273.5,0.0,0.0,-0.8160919540229885,-0.0601,0,2,S,2,2,0,0,0,0,0,S12,2969,SFG,False,SFG,-0.0715272281891841
1,2,2,0,0,0,0,0,0,0,0,0,0,1,0,0,0,0,0,0,1,0,0,0,0,0.0,0.0,0.0,0.0,0.0,0.0,,0.0,0.5,0.0,1.0,0.0,,394.0,0.0,0.0,-0.18509878253262374,-0.0417,1,0,WC,2,2,0,0,0,0,0,S12,2970,MIL,False,MIL,-0.008427911040147621
1,3,2,1,1,1,0,0,0,1,0,1,0,0,0,0,0,0,0,1,0,1,0,0,0,0.5,0.6666666666666666,0.5,1.1666666666666665,0.0,0.5,,0.0,0.0,0.3333333333333333,1.0,0.0,,262.6666666666667,0.3333333333333333,0.3333333333333333,0.6869336436399298,0.029799999999999997,2,0,SF,3,3,1,1,0,0,0,S12,2973,TEX,False,TEX,0.08381631518366511
1,1,1,1,1,0,0,0,1,4,1,0,0,0,0,0,0,0,0,0,0,0,0,0,0,1.0,1.0,4.0,5.0,3.0,,,1.0,0.0,0.0,,,,5.0,1.0,4.0,1.0,0.237,0,0,BC,1,1,1,4,0,0,0,S12,2976,NYM,False,NYM,0.10504098360655738
1,2,2,1,0,0,1,0,0,2,0,0,0,1,0,0,0,0,0,0,0,0,0,0,0,0.5,0.5,1.0,1.5,0.5,1.0,,0.0,0.5,0.0,,,,183.0,0.5,1.0,0.0517607438319056,-0.017100000000000004,0,0,BN,2,2,1,2,0,0,0,S12,2983,SFG,False,SFG,0.01525804159630531
1,1,1,0,0,0,0,0,0,0,0,0,0,0,0,0,0,0,0,0,0,0,1,0,0,0.0,0.0,0.0,0.0,0.0,0.0,,0.0,0.0,0.0,0.0,1.0,0.0,176.0,0.0,0.0,-0.06704980842911878,-0.051,0,1,XB,1,1,0,0,0,0,0,S12,2988,DET,False,DET,-0.0016639972363545023
1,2,2,0,0,0,0,0,0,0,0,0,0,0,0,0,0,0,0,0,1,1,0,0,0,0.0,0.0,0.0,0.0,0.0,0.0,,0.0,0.0,0.0,1.0,0.0,,358.0,0.0,0.0,-0.6532200990799717,-0.0428,2,0,MH,2,2,0,0,0,0,0,S12,3000,CWS,False,CWS,-0.05524004269488242
1,2,2,1,1,1,0,0,0,1,0,0,0,0,0,0,0,0,0,0,0,0,0,1,0,0.5,0.5,0.5,1.0,0.0,0.5,,0.0,0.0,0.0,0.0,1.0,0.0,224.0,0.5,0.5,0.44103454931480407,0.0242,0,1,BC,2,2,1,1,0,0,0,S12,3002,ANA,False,ANA,0.054185422144595166
1,2,2,1,0,1,0,0,0,1,0,0,0,0,0,0,0,0,0,0,0,0,0,1,0,0.5,0.5,0.5,1.0,0.0,0.5,,0.0,0.0,0.0,0.0,1.0,0.0,238.5,0.5,0.5,-0.3079783637592967,0.018600000000000002,0,1,WC,2,2,1,1,0,0,0,S12,3006,SFG,False,SFG,-0.02071586916281492
1,2,2,0,0,0,0,0,0,0,0,0,0,0,0,0,0,0,0,0,0,1,1,0,0,0.0,0.0,0.0,0.0,0.0,0.0,,0.0,0.0,0.0,0.5,0.5,1.0,340.0,0.0,0.0,-0.5919174170876346,-0.056999999999999995,1,1,WC,2,2,0,0,0,0,0,S12,3009,STL,False,STL,-0.049109774495648705
1,1,1,0,0,0,0,0,0,0,0,0,0,0,0,0,0,0,0,0,0,0,1,0,0,0.0,0.0,0.0,0.0,0.0,0.0,,0.0,0.0,0.0,0.0,1.0,0.0,276.0,0.0,0.0,-0.012684989429175453,-0.0332,0,1,WC,1,1,0,0,0,0,0,S12,3011,HOU,False,HOU,0.003772484663639831
1,1,1,0,0,0,0,0,0,0,0,0,0,0,0,0,0,0,0,0,0,0,0,1,0,0.0,0.0,0.0,0.0,0.0,0.0,,0.0,0.0,0.0,0.0,1.0,0.0,380.0,0.0,0.0,-0.16091954022988503,-0.0008,0,1,BC,1,1,0,0,0,0,0,S12,3012,CHC,False,CHC,-0.011050970416431128
1,2,2,0,0,0,0,0,0,0,0,0,0,0,0,0,0,0,0,0,1,0,0,1,0,0.0,0.0,0.0,0.0,0.0,0.0,,0.0,0.0,0.0,0.5,0.5,1.0,361.0,0.0,0.0,-0.3333333333333333,-0.023,1,1,BP,2,2,0,0,0,0,0,S12,3023,CWS,False,CWS,-0.02325136612021858
1,3,3,1,0,1,0,0,0,1,0,0,0,0,0,0,0,0,0,0,1,1,0,0,0,0.3333333333333333,0.3333333333333333,0.3333333333333333,0.6666666666666666,0.0,0.3333333333333333,,0.0,0.0,0.0,1.0,0.0,,346.0,0.3333333333333333,0.3333333333333333,-0.7063740856844305,-0.055499999999999994,2,0,XB,3,3,1,1,0,0,0,S12,3026,LAD,False,LAD,-0.055514457748770916
1,2,2,0,0,0,0,0,0,0,0,0,0,1,0,0,0,0,0,0,1,0,0,0,0,0.0,0.0,0.0,0.0,0.0,0.0,,0.0,0.5,0.0,1.0,0.0,,375.0,0.0,0.0,-0.8160919540229885,-0.1162,1,0,WC,2,2,0,0,0,0,0,S12,3032,STL,False,STL,-0.0715272281891841
1,2,2,0,0,0,0,0,0,0,0,0,0,0,0,0,0,0,0,0,0,0,2,0,0,0.0,0.0,0.0,0.0,0.0,0.0,,0.0,0.0,0.0,0.0,1.0,0.0,256.0,0.0,0.0,-0.5919174170876346,-0.0738,0,2,SM,2,2,0,0,0,0,0,S12,3034,TBR,False,TBR,-0.049109774495648705
1,2,2,1,1,0,1,0,0,2,0,0,0,0,0,0,0,0,0,0,0,1,0,0,0,0.5,0.5,1.0,1.5,0.5,0.5,,0.0,0.0,0.0,1.0,0.0,,249.5,0.5,1.0,0.3218390804597701,-0.0098,1,0,WC,2,2,1,2,0,0,0,S12,3039,SEA,False,SEA,0.04226587525909176
1,2,2,1,0,0,1,0,0,2,1,0,0,0,0,0,0,0,0,0,0,1,0,0,0,0.5,0.5,1.0,1.5,0.5,0.5,,0.0,0.0,0.0,1.0,0.0,,280.0,0.5,1.0,0.7823140718190746,0.151,1,0,XB,2,2,1,2,0,0,0,S12,3045,COL,False,COL,0.08831337439502221
1,1,1,0,0,0,0,0,0,0,0,0,0,0,0,0,0,0,0,0,0,0,0,1,0,0.0,0.0,0.0,0.0,0.0,0.0,,0.0,0.0,0.0,0.0,1.0,0.0,375.0,0.0,0.0,-0.43099787685774954,-0.0358,0,1,XB,1,1,0,0,0,0,0,S12,3046,BOS,False,BOS,-0.03805880407921758
1,2,2,1,1,1,0,0,0,1,0,0,0,1,0,0,0,0,0,0,0,0,0,0,0,0.5,0.5,0.5,1.0,0.0,1.0,,0.0,0.5,0.0,,,,276.5,0.0,0.0,0.43017196105627453,-0.0027,0,0,BP,2,2,0,0,0,0,0,S12,3052,PIT,False,PIT,0.053099163318742204
1,3,3,2,2,0,0,0,2,8,3,0,0,0,0,0,0,0,0,0,0,0,0,1,0,0.6666666666666666,0.6666666666666666,2.6666666666666665,3.333333333333333,2.0,0.0,,0.6666666666666666,0.0,0.0,0.0,1.0,0.0,150.66666666666666,0.6666666666666666,2.3333333333333335,0.9747474747474747,0.1791,0,1,BN,3,3,2,7,0,0,0,S12,3056,ATL,False,ATL,0.1125976982944196
1,2,2,2,2,1,0,0,1,5,2,0,0,0,0,0,0,0,0,0,0,0,0,0,0,1.0,1.0,2.5,3.5,1.5,1.0,,0.5,0.0,0.0,,,,65.0,1.0,2.5,1.7866880513231758,0.17120000000000002,0,0,BC,2,2,2,5,0,0,0,S12,3060,SEA,False,SEA,0.18875077234543233
1,1,1,0,0,0,0,0,0,0,0,0,0,0,0,0,0,0,0,0,0,1,0,0,0,0.0,0.0,0.0,0.0,0.0,0.0,,0.0,0.0,0.0,1.0,0.0,,467.0,0.0,0.0,-0.1724137931034483,-0.015600000000000001,1,0,TT,1,1,0,0,0,0,0,S12,3079,BOS,False,BOS,-0.012200395703787453
1,2,2,1,1,0,0,0,1,4,2,0,0,0,0,0,0,0,0,0,0,0,0,1,0,0.5,0.5,2.0,2.5,1.5,0.0,,0.5,0.0,0.0,0.0,1.0,0.0,123.0,0.5,2.0,0.5894909688013136,0.09570000000000001,0,1,SF,2,2,1,4,0,0,0,S12,3081,NYM,False,NYM,0.06903106409324611
1,2,2,2,2,1,1,0,0,3,0,0,0,0,0,0,0,0,0,0,0,0,0,0,0,1.0,1.0,1.5,2.5,0.5,1.0,,0.0,0.0,0.0,,,,76.0,1.0,1.5,0.5101010101010102,0.0451,0,0,BC,2,2,2,3,0,0,0,S12,3085,NYY,False,NYY,0.061092068223215765
1,2,1,0,0,0,0,0,0,0,0,1,0,0,0,0,0,0,0,0,0,0,0,1,0,0.0,0.5,0.0,0.5,0.0,0.0,,0.0,0.0,0.5,0.0,1.0,0.0,255.5,0.0,0.0,2.0483654276757726,0.0791,0,1,XB,2,2,0,0,0,0,0,S12,3088,CLE,False,CLE,0.214918509980692
1,3,3,1,0,0,1,0,0,2,0,0,0,0,0,0,0,0,0,0,0,2,0,0,0,0.3333333333333333,0.3333333333333333,0.6666666666666666,1.0,0.3333333333333333,0.3333333333333333,,0.0,0.0,0.0,1.0,0.0,,321.0,0.3333333333333333,0.6666666666666666,1.5493942800049956,0.0819,2,0,XB,3,3,1,2,0,0,0,S12,3092,STL,False,STL,0.17006237882017167
1,1,1,0,0,0,0,0,0,0,0,0,0,0,0,0,0,0,0,0,1,0,0,0,0,0.0,0.0,0.0,0.0,0.0,0.0,,0.0,0.0,0.0,1.0,0.0,,390.0,0.0,0.0,-0.43099787685774954,-0.0011,1,0,BC,1,1,0,0,0,0,0,S12,3093,OAK,False,OAK,-0.03805880407921758
1,3,3,2,1,1,1,0,0,3,1,0,0,0,0,0,0,0,0,0,0,0,1,0,0,0.6666666666666666,0.6666666666666666,1.0,1.6666666666666665,0.33333333333333337,0.6666666666666666,,0.0,0.0,0.0,0.0,1.0,0.0,167.0,0.3333333333333333,0.3333333333333333,1.040898155573376,0.023600000000000003,0,1,WC,3,3,1,1,0,0,0,S12,3094,MIN,False,MIN,0.11921276637700973
1,2,2,0,0,0,0,0,0,0,0,0,0,0,0,0,0,0,0,0,0,2,0,0,0,0.0,0.0,0.0,0.0,0.0,0.0,,0.0,0.0,0.0,1.0,0.0,,449.5,0.0,0.0,-0.5919174170876346,-0.029,2,0,MH,2,2,0,0,0,0,0,S12,3096,CWS,False,CWS,-0.049109774495648705
1,3,2,0,0,0,0,0,0,0,0,1,0,0,0,0,0,0,0,0,0,2,0,0,0,0.0,0.3333333333333333,0.0,0.3333333333333333,0.0,0.0,,0.0,0.0,0.3333333333333333,1.0,0.0,,359.3333333333333,0.0,0.0,2.79400212314225,-0.0817,2,0,BC,3,3,0,0,0,0,0,S12,3097,TEX,False,TEX,0.29452316313389715
1,2,2,1,0,0,1,0,0,2,1,0,0,0,0,0,0,0,0,0,0,0,0,1,0,0.5,0.5,1.0,1.5,0.5,0.5,,0.0,0.0,0.0,0.0,1.0,0.0,190.0,0.5,1.0,0.7823140718190746,0.0476,0,1,BC,2,2,1,2,0,0,0,S12,3099,CHC,False,CHC,0.08831337439502221
1,2,1,0,1,0,0,0,0,0,0,1,0,1,0,0,0,0,0,0,0,0,0,0,0,0.0,0.5,0.0,0.5,0.0,,,0.0,0.5,0.5,,,,212.5,0.0,0.0,-1.0606060606060606,0.012400000000000003,0,0,BP,2,2,0,0,0,0,0,S12,3101,COL,False,COL,-0.0959786388474913
1,1,1,0,0,0,0,0,0,0,0,0,0,0,0,0,0,0,0,0,0,0,0,1,0,0.0,0.0,0.0,0.0,0.0,0.0,,0.0,0.0,0.0,0.0,1.0,0.0,334.0,0.0,0.0,-0.43099787685774954,-0.0294,0,1,S,1,1,0,0,0,0,0,S12,3103,DET,False,DET,-0.03805880407921758
1,1,0,0,1,0,0,0,0,0,0,1,0,0,0,0,0,0,0,0,0,0,0,0,0,,1.0,,,,,,0.0,0.0,1.0,,,,147.0,0.0,0.0,2.220779220779221,0.07339999999999999,0,0,WC,1,1,0,0,0,0,0,S12,3105,MIL,False,MIL,0.22711890568447948
1,2,2,0,0,0,0,0,0,0,0,0,0,0,0,0,0,0,0,0,0,0,2,0,0,0.0,0.0,0.0,0.0,0.0,0.0,,0.0,0.0,0.0,0.0,1.0,0.0,313.5,0.0,0.0,-0.8728583419740286,-0.088,0,2,SM,2,2,0,0,0,0,0,S12,3106,LAD,False,LAD,-0.0772038669842881
1,1,1,1,0,0,1,0,0,2,2,0,0,0,0,0,0,0,0,0,0,0,0,0,0,1.0,1.0,2.0,3.0,1.0,1.0,,0.0,0.0,0.0,,,,61.0,1.0,2.0,1.25,0.12240000000000001,0,0,SM,1,1,1,2,0,0,0,S12,3107,TEX,False,TEX,0.1300409836065574
1,2,2,2,2,0,0,0,2,8,2,0,0,0,0,0,0,0,0,0,0,0,0,0,0,1.0,1.0,4.0,5.0,3.0,,,1.0,0.0,0.0,,,,25.0,1.0,4.0,2.0,0.1729,0,0,TT,2,2,2,8,0,0,0,S12,3108,CHC,False,CHC,0.21008196721311476
1,3,3,2,2,0,1,0,1,6,2,0,0,0,0,0,0,0,0,0,0,1,0,0,0,0.6666666666666666,0.6666666666666666,2.0,2.6666666666666665,1.3333333333333335,0.5,,0.3333333333333333,0.0,0.0,1.0,0.0,,197.66666666666666,0.6666666666666666,2.0,1.5690021231422504,0.2129,1,0,HK,3,3,2,6,0,0,0,S12,3110,PHI,False,PHI,0.17202316313389715
1,2,2,0,0,0,0,0,0,0,0,0,0,0,0,0,0,0,0,0,1,0,0,1,0,0.0,0.0,0.0,0.0,0.0,0.0,,0.0,0.0,0.0,0.5,0.5,1.0,415.0,0.0,0.0,-0.18509878253262374,-0.0538,1,1,WC,2,2,0,0,0,0,0,S12,3111,ANA,False,ANA,-0.008427911040147621
1,1,1,0,0,0,0,0,0,0,0,0,0,1,0,0,0,0,0,0,0,0,0,0,0,0.0,0.0,0.0,0.0,0.0,,,0.0,1.0,0.0,,,,432.0,0.0,0.0,-1.2,-0.0025,0,0,BP,1,1,0,0,0,0,0,S12,3112,PIT,False,PIT,-0.11495901639344261
1,3,3,1,0,0,1,0,0,2,0,0,0,1,0,0,0,0,0,0,0,1,0,0,0,0.3333333333333333,0.3333333333333333,0.6666666666666666,1.0,0.3333333333333333,0.5,,0.0,0.3333333333333333,0.0,1.0,0.0,,274.0,0.3333333333333333,0.6666666666666666,1.3218080731084436,-0.03690000000000001,1,0,XB,3,3,1,2,0,0,0,S12,3117,CLE,False,CLE,0.1473037581305165
1,2,2,1,0,1,0,0,0,1,0,0,0,0,0,0,0,0,0,0,0,0,1,0,0,0.5,0.5,0.5,1.0,0.0,0.5,,0.0,0.0,0.0,0.0,1.0,0.0,162.5,0.5,0.5,-0.602780005346164,-0.0027,0,1,BC,2,2,1,1,0,0,0,S12,3121,CWS,False,CWS,-0.05019603332150165
1,3,2,0,0,0,0,0,0,0,0,1,0,0,0,0,0,0,0,0,0,1,1,0,0,0.0,0.3333333333333333,0.0,0.3333333333333333,0.0,0.0,,0.0,0.0,0.3333333333333333,0.5,0.5,1.0,301.6666666666667,0.0,0.0,-0.3770114942528735,-0.0248,1,1,WC,3,3,0,0,0,0,0,S12,3124,CIN,False,CIN,-0.022578198605615222
1,2,2,1,0,1,0,0,0,1,0,0,0,0,0,0,0,0,0,0,0,0,1,0,0,0.5,0.5,0.5,1.0,0.0,0.5,,0.0,0.0,0.0,0.0,1.0,0.0,167.0,0.5,0.5,0.0970328789093825,0.015199999999999995,0,1,BC,2,2,1,1,0,0,0,S12,3126,TBR,False,TBR,0.019785255104053
1,4,3,2,3,0,1,0,1,6,1,1,0,0,0,0,0,0,0,0,0,0,1,0,0,0.6666666666666666,0.75,2.0,2.75,1.3333333333333335,0.5,,0.25,0.0,0.25,0.0,1.0,0.0,98.75,0.5,1.5,3.593840499280997,0.09809999999999999,0,1,WC,4,4,2,6,0,0,0,S12,3127,KCR,False,KCR,0.37954798435432924
1,2,2,0,0,0,0,0,0,0,0,0,0,2,0,0,0,0,0,0,0,0,0,0,0,0.0,0.0,0.0,0.0,0.0,,,0.0,1.0,0.0,,,,312.0,0.0,0.0,-0.07973479785829424,-0.0512,0,0,XB,2,2,0,0,0,0,0,S12,3135,ARI,False,ARI,0.0021084874272853287
1,2,2,0,0,0,0,0,0,0,0,0,0,0,0,0,0,0,0,0,0,0,2,0,0,0.0,0.0,0.0,0.0,0.0,0.0,,0.0,0.0,0.0,0.0,1.0,0.0,219.5,0.0,0.0,-0.8619957537154991,-0.0539,0,2,BC,2,2,0,0,0,0,0,S12,3139,MIL,False,MIL,-0.07611760815843516
1,1,1,1,1,0,1,0,0,2,0,0,0,0,0,0,0,0,0,0,0,0,0,0,0,1.0,1.0,2.0,3.0,1.0,1.0,,0.0,0.0,0.0,,,,55.0,1.0,2.0,1.8827276133383288,0.0633,0,0,BP,1,1,1,2,0,0,0,S12,3140,ANA,False,ANA,0.19331374494039028
1,3,2,0,0,0,0,0,0,0,0,1,0,0,0,0,0,0,0,0,0,0,0,2,0,0.0,0.3333333333333333,0.0,0.3333333333333333,0.0,0.0,,0.0,0.0,0.3333333333333333,0.0,1.0,0.0,298.6666666666667,0.0,0.0,-0.2500000000000002,-0.07849999999999999,0,2,BP,3,3,0,0,0,0,0,S12,3141,KCR,False,KCR,-0.009877049180327894
1,2,2,0,0,0,0,0,0,0,0,0,0,0,0,0,0,0,0,0,1,0,0,1,0,0.0,0.0,0.0,0.0,0.0,0.0,,0.0,0.0,0.0,0.5,0.5,1.0,370.0,0.0,0.0,-1.2365497923307254,-0.057300000000000004,1,1,XB,2,2,0,0,0,0,0,S12,3142,NYM,False,NYM,-0.11357301201995777
1,2,2,0,0,0,0,0,0,0,0,0,0,1,0,0,0,0,0,0,0,0,0,1,0,0.0,0.0,0.0,0.0,0.0,0.0,,0.0,0.5,0.0,0.0,1.0,0.0,382.0,0.0,0.0,-3.288140734000607,-0.11109999999999999,0,1,WC,2,2,0,0,0,0,0,S12,3143,CLE,False,CLE,-0.3187321061869459
1,2,2,0,0,0,0,0,0,0,0,0,0,2,0,0,0,0,0,0,0,0,0,0,0,0.0,0.0,0.0,0.0,0.0,,,0.0,1.0,0.0,,,,307.5,0.0,0.0,-0.6034116699611978,-0.0366,0,0,BN,2,2,0,0,0,0,0,S12,3144,COL,False,COL,-0.050259199783005026
1,2,2,1,1,1,0,0,0,1,0,0,0,0,0,0,0,0,0,0,0,0,0,1,0,0.5,0.5,0.5,1.0,0.0,0.5,,0.0,0.0,0.0,0.0,1.0,0.0,205.0,0.5,0.5,0.6996186330691053,0.0279,0,1,BC,2,2,1,1,0,0,0,S12,3148,HOU,False,HOU,0.08004383052002528
1,3,3,0,0,0,0,0,0,0,0,0,0,1,0,0,0,0,0,0,1,0,0,1,0,0.0,0.0,0.0,0.0,0.0,0.0,,0.0,0.3333333333333333,0.0,0.5,0.5,1.0,355.6666666666667,0.0,0.0,-1.0337778822039136,-0.0969,1,1,WC,3,3,0,0,0,0,0,S12,3155,STL,False,STL,-0.08825483740071924
1,2,2,0,0,0,0,0,0,0,0,0,0,1,0,0,0,0,0,0,0,0,0,1,0,0.0,0.0,0.0,0.0,0.0,0.0,,0.0,0.5,0.0,0.0,1.0,0.0,325.0,0.0,0.0,-0.18509878253262374,-0.0417,0,1,WC,2,2,0,0,0,0,0,S12,3156,FLA,False,FLA,-0.008427911040147621
1,2,2,0,0,0,0,0,0,0,0,0,0,1,0,0,0,0,0,0,0,0,1,0,0,0.0,0.0,0.0,0.0,0.0,0.0,,0.0,0.5,0.0,0.0,1.0,0.0,233.5,0.0,0.0,-0.5919174170876346,-0.023899999999999998,0,1,XB,2,2,0,0,0,0,0,S12,3160,BAL,False,BAL,-0.049109774495648705
1,1,1,0,0,0,0,0,0,0,0,0,0,1,0,0,0,0,0,0,0,0,0,0,0,0.0,0.0,0.0,0.0,0.0,,,0.0,1.0,0.0,,,,401.0,0.0,0.0,-0.6551724137931034,-0.0562,0,0,TT,1,1,0,0,0,0,0,S12,3163,SDP,False,SDP,-0.060476257772752964
1,2,1,0,0,0,0,0,0,0,0,1,0,1,0,0,0,0,0,0,0,0,0,0,0,0.0,0.5,0.0,0.5,0.0,,,0.0,0.5,0.5,,,,222.0,0.0,0.0,-0.3097857556456283,-0.006700000000000001,0,0,SM,2,2,0,0,0,0,0,S12,3166,BAL,False,BAL,-0.020896608351448083
1,2,2,0,0,0,0,0,0,0,0,0,0,2,0,0,0,0,0,0,0,0,0,0,0,0.0,0.0,0.0,0.0,0.0,,,0.0,1.0,0.0,,,,328.0,0.0,0.0,-0.3333333333333333,-0.021900000000000003,0,0,WC,2,2,0,0,0,0,0,S12,3180,BAL,False,BAL,-0.02325136612021858
1,1,1,0,0,0,0,0,0,0,0,0,0,0,0,0,0,0,0,1,1,0,0,0,0,0.0,0.0,0.0,0.0,0.0,0.0,,0.0,0.0,0.0,1.0,0.0,,373.0,0.0,0.0,-1.0,-0.021,2,0,WC,1,1,0,0,0,0,0,S12,3182,OAK,False,OAK,-0.09495901639344262
1,2,2,1,1,0,0,0,1,4,1,0,0,0,0,0,0,0,0,1,0,1,0,0,0,0.5,0.5,2.0,2.5,1.5,0.0,,0.5,0.0,0.0,1.0,0.0,,245.5,0.5,2.0,0.5454545454545454,0.0695,2,0,BC,2,2,1,4,0,0,0,S12,3186,BAL,False,BAL,0.0646274217585693
1,3,3,0,0,0,0,0,0,0,0,0,0,0,0,0,0,0,0,0,0,2,1,0,0,0.0,0.0,0.0,0.0,0.0,0.0,,0.0,0.0,0.0,0.6666666666666666,0.3333333333333333,2.0,372.3333333333333,0.0,0.0,-0.7636995455760491,-0.1179,2,1,1B,3,3,0,0,0,0,0,S12,3190,MTL,False,MTL,-0.06124700373793278
1,2,2,0,0,0,0,0,0,0,0,0,0,1,0,0,0,0,0,0,1,0,0,0,0,0.0,0.0,0.0,0.0,0.0,0.0,,0.0,0.5,0.0,1.0,0.0,,403.0,0.0,0.0,-0.6034116699611978,-0.048799999999999996,1,0,BC,2,2,0,0,0,0,0,S12,3191,STL,False,STL,-0.050259199783005026
1,2,2,0,0,0,0,0,0,0,0,0,0,1,0,0,0,0,0,0,1,0,0,0,0,0.0,0.0,0.0,0.0,0.0,0.0,,0.0,0.5,0.0,1.0,0.0,,361.5,0.0,0.0,-0.8728583419740286,-0.055600000000000004,1,0,TT,2,2,0,0,0,0,0,S12,3202,FLA,False,FLA,-0.0772038669842881
1,3,2,0,0,0,0,0,0,0,0,1,0,1,0,0,0,0,0,0,0,1,0,0,0,0.0,0.3333333333333333,0.0,0.3333333333333333,0.0,0.0,,0.0,0.3333333333333333,0.3333333333333333,1.0,0.0,,304.3333333333333,0.0,0.0,-0.4821995487490766,-0.013399999999999999,1,0,WC,3,3,0,0,0,0,0,S12,3203,BAL,False,BAL,-0.03309700405523554
1,2,2,0,0,0,0,0,0,0,0,0,0,1,0,0,0,0,0,0,0,0,1,0,0,0.0,0.0,0.0,0.0,0.0,0.0,,0.0,0.5,0.0,0.0,1.0,0.0,395.5,0.0,0.0,-0.18509878253262374,-0.0181,0,1,BC,2,2,0,0,0,0,0,S12,3204,PIT,False,PIT,-0.008427911040147621
1,2,2,1,0,1,0,0,0,1,0,0,0,1,0,0,0,0,0,0,0,0,0,0,0,0.5,0.5,0.5,1.0,0.0,1.0,,0.0,0.5,0.0,,,,222.5,0.5,0.5,0.11445666859679587,-0.0162,0,0,BP,2,2,1,1,0,0,0,S12,3205,SDP,False,SDP,0.021527634072794337
1,3,3,1,0,0,0,1,0,3,0,0,0,0,0,0,0,0,0,0,1,0,1,0,0,0.3333333333333333,0.3333333333333333,1.0,1.3333333333333333,0.6666666666666667,0.3333333333333333,,0.0,0.0,0.0,0.5,0.5,1.0,208.33333333333334,0.3333333333333333,1.0,0.7944123718083131,0.040900000000000006,1,1,XB,3,3,1,3,0,0,0,S12,3206,TOR,False,TOR,0.09456418800050345
1,2,2,0,0,0,0,0,0,0,0,0,0,1,0,0,0,0,0,0,1,0,0,0,0,0.0,0.0,0.0,0.0,0.0,0.0,,0.0,0.5,0.0,1.0,0.0,,448.5,0.0,0.0,-0.8619957537154991,-0.026199999999999998,1,0,S,2,2,0,0,0,0,0,S12,3208,PIT,False,PIT,-0.07611760815843516
1,2,2,0,0,0,0,0,0,0,0,0,0,0,0,0,0,0,0,0,0,2,0,0,0,0.0,0.0,0.0,0.0,0.0,0.0,,0.0,0.0,0.0,1.0,0.0,,444.0,0.0,0.0,-0.2279693486590038,-0.0581,2,0,XB,2,2,0,0,0,0,0,S12,3213,TEX,False,TEX,-0.01271496765278563
1,2,2,0,0,0,0,0,0,0,0,0,0,0,0,0,0,0,0,0,1,0,0,1,0,0.0,0.0,0.0,0.0,0.0,0.0,,0.0,0.0,0.0,0.5,0.5,1.0,365.0,0.0,0.0,-0.8728583419740286,-0.0753,1,1,XB,2,2,0,0,0,0,0,S12,3214,MTL,False,MTL,-0.0772038669842881
1,2,1,1,1,0,0,0,1,4,2,1,0,0,0,0,0,0,0,0,0,0,0,0,0,1.0,1.0,4.0,5.0,3.0,,,0.5,0.0,0.5,,,,50.0,0.5,2.0,2.0,0.23719999999999997,0,0,MH,2,2,1,4,0,0,0,S12,3215,ARI,False,ARI,0.21008196721311476
1,2,2,1,0,1,0,0,0,1,1,0,0,0,0,0,0,0,0,0,0,0,0,1,0,0.5,0.5,0.5,1.0,0.0,0.5,,0.0,0.0,0.0,0.0,1.0,0.0,175.0,0.5,0.5,0.3556901744654261,0.0914,0,1,SF,2,2,1,1,0,0,0,S12,3216,DET,False,DET,0.04565098465965736
1,3,3,1,1,0,1,0,0,2,1,0,0,0,0,0,0,0,0,0,0,0,1,1,0,0.3333333333333333,0.3333333333333333,0.6666666666666666,1.0,0.3333333333333333,0.3333333333333333,,0.0,0.0,0.0,0.0,1.0,0.0,214.33333333333334,0.3333333333333333,0.6666666666666666,0.38572574178027264,0.0731,0,2,BP,3,3,1,2,0,0,0,S12,3217,ANA,False,ANA,0.0536955249976994
1,2,2,1,1,0,1,0,0,2,0,0,0,0,0,0,0,0,0,0,0,1,0,0,0,0.5,0.5,1.0,1.5,0.5,0.5,,0.0,0.0,0.0,1.0,0.0,,265.0,0.5,1.0,-0.042108987968860645,0.022800000000000004,1,0,XB,2,2,1,2,0,0,0,S12,3222,TEX,False,TEX,0.005871068416228688
1,4,4,1,1,0,0,0,1,4,1,0,0,0,0,0,0,0,0,0,2,1,0,0,0,0.25,0.25,1.0,1.25,0.75,0.0,,0.25,0.0,0.0,1.0,0.0,,338.0,0.25,1.0,-0.3275862068965517,0.09699999999999999,3,0,XB,4,4,1,4,0,0,0,S12,3223,CHC,False,CHC,-0.012594686263425667
1,3,3,0,0,0,0,0,0,0,0,0,0,1,0,0,0,0,0,0,1,1,0,0,0,0.0,0.0,0.0,0.0,0.0,0.0,,0.0,0.3333333333333333,0.0,1.0,0.0,,420.3333333333333,0.0,0.0,-2.697250394410638,-0.1967,2,0,BN,3,3,0,0,0,0,0,S12,3225,CLE,False,CLE,-0.25460208862139166
1,2,2,1,0,1,0,0,0,1,0,0,0,0,0,0,1,0,0,0,0,0,0,1,0,0.5,0.5,0.5,1.0,0.0,0.5,0.0,0.0,0.0,0.0,0.0,1.0,0.0,235.66666666666666,0.5,0.5,-0.7516462207619075,-0.030200000000000005,0,1,BC,2,2,1,1,0,0,0,S12,3226,HOU,False,HOU,-0.06508265486307599
1,3,3,1,0,1,0,0,0,1,0,0,0,0,0,0,0,0,0,0,0,1,1,0,0,0.3333333333333333,0.3333333333333333,0.3333333333333333,0.6666666666666666,0.0,0.3333333333333333,,0.0,0.0,0.0,0.5,0.5,1.0,280.3333333333333,0.3333333333333333,0.3333333333333333,-0.2121212121212121,-0.01,1,1,WC,3,3,1,1,0,0,0,S12,3227,OAK,False,OAK,-0.006089170392449081
1,3,2,0,1,0,0,0,0,0,0,1,0,0,0,0,0,0,0,0,1,0,1,0,0,0.0,0.3333333333333333,0.0,0.3333333333333333,0.0,0.0,,0.0,0.0,0.3333333333333333,0.5,0.5,1.0,248.0,0.3333333333333333,0.3333333333333333,-1.2527800053461642,-0.0469,1,1,BP,3,3,1,1,0,0,0,S12,3231,OAK,False,OAK,-0.1101550497149443
1,4,2,1,3,1,0,0,0,1,0,2,0,0,0,0,0,0,0,0,0,0,0,1,0,0.5,0.75,0.5,1.25,0.0,0.5,,0.0,0.0,0.5,0.0,1.0,0.0,236.5,0.0,0.0,4.450951181835495,0.040100000000000004,0,1,S,4,4,0,0,0,0,0,S12,3234,MIN,False,MIN,0.465259052609779
1,3,3,0,0,0,0,0,0,0,0,0,0,0,0,0,0,0,0,0,1,0,2,0,0,0.0,0.0,0.0,0.0,0.0,0.0,,0.0,0.0,0.0,0.3333333333333333,0.6666666666666666,0.5,268.0,0.0,0.0,-0.38888888888888884,-0.0536,1,2,SF,3,3,0,0,0,0,0,S12,3237,ANA,False,ANA,-0.023765938069216754
1,3,2,1,1,0,0,0,1,4,1,1,0,1,0,0,0,0,0,0,0,0,0,0,0,0.5,0.6666666666666666,2.0,2.6666666666666665,1.5,,,0.3333333333333333,0.3333333333333333,0.3333333333333333,,,,147.33333333333334,0.3333333333333333,1.3333333333333333,1.55,0.0514,0,0,BP,3,3,1,4,0,0,0,S12,3238,KCR,False,KCR,0.17012295081967213
1,2,0,0,0,0,0,0,0,0,0,2,0,0,0,0,1,0,0,0,0,0,0,0,0,,1.0,,,,,0.0,0.0,0.0,1.0,,,,194.66666666666666,0.0,0.0,0.8390804597701149,0.07669999999999999,0,0,WC,2,2,0,0,0,0,0,S12,3239,HOU,False,HOU,0.09399001319012625
1,2,2,0,0,0,0,0,0,0,0,0,0,2,0,0,0,0,0,0,0,0,0,0,0,0.0,0.0,0.0,0.0,0.0,,,0.0,1.0,0.0,,,,286.5,0.0,0.0,-0.8619957537154991,-0.0423,0,0,S,2,2,0,0,0,0,0,S12,3242,ARI,False,ARI,-0.07611760815843516
1,2,1,0,1,0,0,0,0,0,0,1,0,1,0,0,0,0,0,0,0,0,0,0,0,0.0,0.5,0.0,0.5,0.0,,,0.0,0.5,0.5,,,,254.5,0.0,0.0,-0.03970741901776381,0.004800000000000006,0,0,S,2,2,0,0,0,0,0,S12,3244,LAD,False,LAD,0.006111225311338371
1,2,2,0,0,0,0,0,0,0,0,0,0,0,0,0,0,0,0,0,0,1,1,0,0,0.0,0.0,0.0,0.0,0.0,0.0,,0.0,0.0,0.0,0.5,0.5,1.0,335.0,0.0,0.0,-1.342737722048067,-0.0476,1,1,SM,2,2,0,0,0,0,0,S12,3247,FLA,False,FLA,-0.12419180499169194
1,3,2,1,2,1,0,0,0,1,1,1,0,0,0,0,0,0,0,0,0,0,1,0,0,0.5,0.6666666666666666,0.5,1.1666666666666665,0.0,0.5,,0.0,0.0,0.3333333333333333,0.0,1.0,0.0,244.33333333333334,0.0,0.0,2.5860389610389607,0.0545,0,1,1B,3,3,0,0,0,0,0,S12,3249,MIN,False,MIN,0.2737268469235682
1,3,1,0,0,0,0,0,0,0,0,2,0,1,0,0,0,0,0,0,0,0,0,0,0,0.0,0.6666666666666666,0.0,0.6666666666666666,0.0,,,0.0,0.3333333333333333,0.6666666666666666,,,,179.66666666666666,0.0,0.0,-0.1977837719617992,0.0616,0,0,1B,3,3,0,0,0,0,0,S12,3250,NYY,False,NYY,-0.00465542637650779
1,2,2,0,0,0,0,0,0,0,0,0,0,1,0,0,0,0,0,0,0,1,0,0,0,0.0,0.0,0.0,0.0,0.0,0.0,,0.0,0.5,0.0,1.0,0.0,,354.5,0.0,0.0,-0.6609195402298851,-0.0562,1,0,XB,2,2,0,0,0,0,0,S12,3251,CWS,False,CWS,-0.056009986809873756
1,3,2,0,0,0,0,0,0,0,0,1,0,0,0,0,0,0,0,0,0,0,2,0,0,0.0,0.3333333333333333,0.0,0.3333333333333333,0.0,0.0,,0.0,0.0,0.3333333333333333,0.0,1.0,0.0,187.66666666666666,0.0,0.0,-0.9649581694387318,-0.0762,0,2,WC,3,3,0,0,0,0,0,S12,3253,TOR,False,TOR,-0.08137286612420105
1,3,3,1,0,1,0,0,0,1,0,0,0,0,0,0,1,0,0,1,0,1,1,0,0,0.3333333333333333,0.3333333333333333,0.3333333333333333,0.6666666666666666,0.0,0.3333333333333333,0.0,0.0,0.0,0.0,0.6666666666666666,0.3333333333333333,2.0,299.0,0.3333333333333333,0.3333333333333333,-1.9611735835040445,-0.0172,2,1,BC,3,3,1,1,0,0,0,S12,3254,ATL,False,ATL,-0.18099440753073232
1,2,2,1,1,0,0,0,1,4,2,0,0,0,0,0,0,0,0,0,0,0,0,1,0,0.5,0.5,2.0,2.5,1.5,0.0,,0.5,0.0,0.0,0.0,1.0,0.0,199.0,0.5,2.0,1.4369274136716,0.1698,0,1,XB,2,2,1,4,0,0,0,S12,3255,BAL,False,BAL,0.15377470858027475
1,2,2,1,0,1,0,0,0,1,0,0,0,0,0,0,0,0,0,0,0,1,0,0,0,0.5,0.5,0.5,1.0,0.0,0.5,,0.0,0.0,0.0,1.0,0.0,,295.5,0.5,0.5,-0.16155120484491875,0.001800000000000003,1,0,EN,2,2,1,1,0,0,0,S12,3256,BOS,False,BOS,-0.006073153271377123
1,2,2,0,0,0,0,0,0,0,0,0,0,0,0,0,0,0,0,0,1,0,1,0,0,0.0,0.0,0.0,0.0,0.0,0.0,,0.0,0.0,0.0,0.5,0.5,1.0,330.0,0.0,0.0,-0.8619957537154991,-0.0647,1,1,1B,2,2,0,0,0,0,0,S12,3257,TBR,False,TBR,-0.07611760815843516
1,4,4,3,3,2,0,0,1,6,3,0,0,0,0,0,0,0,0,0,0,0,1,0,0,0.75,0.75,1.5,2.25,0.75,0.6666666666666666,,0.25,0.0,0.0,0.0,1.0,0.0,123.75,0.25,1.0,3.453311347700632,0.14840000000000003,0,1,WC,4,4,1,4,0,0,0,S12,3258,MIN,False,MIN,0.3654950691962927
1,3,3,1,0,1,0,0,0,1,0,0,0,0,0,0,0,0,0,1,1,1,0,0,0,0.3333333333333333,0.3333333333333333,0.3333333333333333,0.6666666666666666,0.0,0.3333333333333333,,0.0,0.0,0.0,1.0,0.0,,308.0,0.3333333333333333,0.3333333333333333,-0.8333333333333333,-0.008399999999999996,3,0,XB,3,3,1,1,0,0,0,S12,3261,ATL,False,ATL,-0.0682103825136612
1,2,2,0,0,0,0,0,0,0,0,0,0,1,0,0,0,0,0,0,0,0,0,1,0,0.0,0.0,0.0,0.0,0.0,0.0,,0.0,0.5,0.0,0.0,1.0,0.0,264.5,0.0,0.0,-0.8275862068965517,-0.0655,0,1,XB,2,2,0,0,0,0,0,S12,3263,MIL,False,MIL,-0.07267665347654043
1,2,2,1,0,0,1,0,0,2,0,0,0,0,0,0,0,0,0,0,0,0,0,1,0,0.5,0.5,1.0,1.5,0.5,0.5,,0.0,0.0,0.0,0.0,1.0,0.0,190.5,0.5,1.0,0.0517607438319056,-0.0218,0,1,XB,2,2,1,2,0,0,0,S12,3265,CWS,False,CWS,0.01525804159630531
1,2,1,0,1,0,0,0,0,0,0,1,0,1,0,0,0,0,0,0,0,0,0,0,0,0.0,0.5,0.0,0.5,0.0,,,0.0,0.5,0.5,,,,187.5,0.5,0.5,0.10852713178294576,0.0036999999999999984,0,0,BC,2,2,1,1,0,0,0,S12,3268,BAL,False,BAL,0.020934680391409326
1,2,2,0,0,0,0,0,0,0,0,0,0,2,0,0,0,0,0,0,0,0,0,0,0,0.0,0.0,0.0,0.0,0.0,,,0.0,1.0,0.0,,,,300.0,0.0,0.0,-0.8619957537154991,-0.0516,0,0,XB,2,2,0,0,0,0,0,S12,3270,ARI,False,ARI,-0.07611760815843516
1,2,2,1,0,0,1,0,0,2,1,0,0,0,0,0,0,0,0,0,0,1,0,0,0,0.5,0.5,1.0,1.5,0.5,0.5,,0.0,0.0,0.0,1.0,0.0,,278.0,0.5,1.0,0.9942528735632183,0.135,1,0,HK,2,2,1,2,0,0,0,S12,3273,MIL,False,MIL,0.1095072545694366
