G,IP,BF,H,R,ER,BB,IBB,Auto BB,K,HR,1B,RGO,LGO,FO,PO,LO,ERA,WHIP,H/6,HR/6,BB/6,K/6,K/BB,BAA,OBPA,SLGA,OPSA,BABIP_A,HR%_A,K%_A,BB%_A,GB%_A,FB%_A,GB/FB_A,Avg Diff,RE24,WPA,AB_A,SF_A,SH_A,2B_A,3B_A,GB_outs_A,FB_outs_A,SB_A,CS_A,SB%_A,Type,Season,Pitcher ID,Team,is_sub_row,Last Team,FIP,nIP,ERA-,nRuns,GS,GF,CG,SHO,W,L,SV,HLD,W-L%,WAR
7,21.333333333333332,93,29,18,18,4,0,0,7,4,11,24,9,14,6,0,5.0625,1.546875,8.15625,1.125,1.125,1.96875,1.75,0.3333333333333333,0.3548387096774194,0.6551724137931034,1.0100111234705227,0.32051282051282054,0.043010752688172046,0.07526881720430108,0.043010752688172046,0.6491228070175439,0.3508771929824561,1.85,236.2688172043011,3.469305303993019,-0.4788000000000001,87,2,0,12,2,37,20,0,0,,EG-H,S9,1,TBR,False,TBR,3.7200493762993765,22.333333333333332,148,14.676433929736278,4.0,2.0,1.0,0.0,2.0,5.0,0.0,0.0,0.2857142857142857,-0.004240296726443926
8,13.333333333333334,55,14,7,7,4,0,0,7,5,6,8,7,8,5,1,3.15,1.3499999999999999,6.300000000000001,2.25,1.7999999999999998,3.1500000000000004,1.75,0.27450980392156865,0.32727272727272727,0.6274509803921569,0.9547237076648841,0.23076923076923078,0.09090909090909091,0.12727272727272726,0.07272727272727272,0.5666666666666667,0.43333333333333335,1.3076923076923077,248.30357142857142,-1.7419773385413115,-0.038199999999999956,51,0,0,3,0,17,13,0,1,0.0,EG-B,S9,3,KCR,False,KCR,6.101299376299377,13.666666666666666,119,7.228694401413359,0.0,7.0,0.0,0.0,0.0,0.0,2.0,1.0,0.0,0.3768640010800149
9,18.333333333333332,82,22,15,15,8,0,0,7,5,10,5,10,14,16,0,4.909090909090909,1.6363636363636365,7.200000000000001,1.6363636363636367,2.618181818181818,2.290909090909091,0.875,0.3013698630136986,0.36585365853658536,0.6301369863013698,0.9959906448379552,0.27419354838709675,0.06097560975609756,0.08536585365853659,0.0975609756097561,0.3617021276595745,0.6382978723404256,0.5666666666666667,239.16470588235293,3.598377682970307,-0.5534999999999999,73,1,0,5,2,17,30,2,1,0.6666666666666666,WC-H,S9,5,TEX,False,TEX,5.467208467208467,20.0,111,9.92004405658148,3.0,4.0,0.0,0.0,0.0,1.0,0.0,0.0,0.0,-0.05768078806934947
7,30.333333333333332,129,28,17,17,14,0,0,32,4,15,11,13,27,4,0,3.3626373626373627,1.3846153846153846,5.538461538461538,0.7912087912087913,2.769230769230769,6.32967032967033,2.2857142857142856,0.2545454545454545,0.32558139534883723,0.4727272727272727,0.79830866807611,0.3037974683544304,0.031007751937984496,0.24806201550387597,0.10852713178294573,0.46551724137931033,0.5344827586206896,0.8709677419354839,255.41538461538462,-4.175936590988244,-0.5136999999999999,110,5,0,6,3,27,31,2,1,0.6666666666666666,BS-H,S9,37,MIA,False,MIA,2.3653103653103655,30.666666666666668,78,10.636056488437177,5.0,5.0,3.0,1.0,2.0,3.0,0.0,0.0,0.4,0.8929381767740789
7,21.333333333333332,98,28,19,19,8,0,0,20,3,16,9,6,20,7,0,5.34375,1.6875,7.875,0.84375,2.25,5.625,2.5,0.3218390804597701,0.3673469387755102,0.5632183908045977,0.930565329580108,0.373134328358209,0.030612244897959183,0.20408163265306123,0.08163265306122448,0.38636363636363635,0.6136363636363636,0.6296296296296297,231.5252525252525,4.751879129029374,-1.2672,87,3,0,6,3,17,27,2,0,1.0,NH-H,S9,39,MIA,False,MIA,2.4544243762993765,22.0,73,7.162569427385539,5.0,3.0,2.0,1.0,1.0,5.0,0.0,0.0,0.16666666666666666,-0.11407347311863539
3,4.333333333333333,17,2,3,3,3,0,0,2,0,2,3,0,2,5,0,4.153846153846154,1.153846153846154,2.769230769230769,0.0,4.153846153846154,2.769230769230769,0.6666666666666666,0.14285714285714285,0.29411764705882354,0.14285714285714285,0.4369747899159664,0.16666666666666666,0.0,0.11764705882352941,0.17647058823529413,0.36363636363636365,0.6363636363636364,0.5714285714285714,265.11764705882354,-1.6586328684896146,-0.030099999999999988,14,0,0,0,0,4,7,0,0,,WC-S,S9,45,ATL,False,ATL,2.5301455301455302,5.666666666666667,9,0.2286944014133594,0.0,2.0,0.0,0.0,0.0,0.0,1.0,0.0,0.0,0.228505587627871
9,25.333333333333332,114,37,17,17,7,1,0,11,5,25,8,9,13,29,0,4.026315789473684,1.736842105263158,8.763157894736842,1.1842105263157894,1.6578947368421053,2.605263157894737,1.5714285714285714,0.34579439252336447,0.38596491228070173,0.5700934579439252,0.9560583702246269,0.3516483516483517,0.043859649122807015,0.09649122807017543,0.06140350877192982,0.3114754098360656,0.6885245901639344,0.4523809523809524,240.88135593220338,-1.1643836968051695,-0.6166999999999999,107,0,0,5,2,19,42,1,4,0.2,SF-H,S9,63,CHC,False,CHC,3.902615165773061,25.333333333333332,138,15.58776407317999,5.0,3.0,0.0,0.0,2.0,3.0,0.0,1.0,0.4,0.5365102690214396
1,0.3333333333333333,1,0,0,0,0,0,0,1,0,0,0,0,0,0,0,0.0,0.0,0.0,0.0,0.0,18.0,,0.0,0.0,0.0,0.0,,0.0,1.0,0.0,,,,321.0,-0.1996943453897096,0.0016,1,0,0,0,0,0,0,0,0,,BB-B,S9,73,COL,False,COL,-4.623700623700623,1.0,0,0.0,0.0,0.0,0.0,0.0,0.0,0.0,0.0,0.0,0.0,0.023654275761259756
4,23.0,93,19,8,8,8,0,0,19,3,9,8,11,23,5,0,2.0869565217391304,1.173913043478261,4.956521739130435,0.7826086956521738,2.0869565217391304,4.956521739130435,2.375,0.2261904761904762,0.2903225806451613,0.4523809523809524,0.7427035330261137,0.25396825396825395,0.03225806451612903,0.20430107526881722,0.08602150537634409,0.42857142857142855,0.5714285714285714,0.75,257.531914893617,-7.608723540731241,0.6785,84,1,0,4,3,21,28,0,1,0.0,FP-S,S9,74,CIN,False,CIN,2.463255898038507,23.0,39,4.0,4.0,3.0,3.0,0.0,3.0,1.0,0.0,0.0,0.75,1.103562587745982
9,37.0,158,45,16,16,7,0,0,27,5,32,24,17,23,15,0,2.5945945945945947,1.4054054054054055,7.297297297297297,0.8108108108108109,1.135135135135135,4.378378378378378,3.857142857142857,0.2980132450331126,0.3291139240506329,0.47019867549668876,0.7993125995473216,0.33613445378151263,0.03164556962025317,0.17088607594936708,0.04430379746835443,0.5476190476190477,0.4523809523809524,1.2105263157894737,254.0125,-8.31129766841307,0.10499999999999998,151,0,0,5,3,46,38,2,0,1.0,BF-S,S9,76,COL,False,COL,2.2411642411642414,37.0,84,13.884942363890987,6.0,6.0,3.0,1.0,5.0,1.0,0.0,0.0,0.8333333333333334,1.413334679962937
9,35.0,138,31,16,16,12,1,0,23,4,16,21,15,20,16,0,2.742857142857143,1.2285714285714286,5.314285714285714,0.6857142857142857,2.057142857142857,3.942857142857143,1.9166666666666667,0.25,0.3115942028985507,0.46774193548387094,0.7793361383824217,0.2727272727272727,0.028985507246376812,0.16666666666666666,0.08695652173913043,0.5443037974683544,0.45569620253164556,1.1944444444444444,258.3943661971831,-8.454616636332734,0.8255999999999999,124,2,0,7,4,43,36,2,3,0.4,EN-H,S9,78,ATL,False,ATL,2.576299376299376,36.333333333333336,70,11.338455140174052,6.0,3.0,2.0,1.0,6.0,2.0,0.0,1.0,0.75,1.3539697523091272
10,29.333333333333332,135,41,27,27,11,0,1,14,3,19,12,9,14,33,1,5.522727272727273,1.7727272727272727,8.386363636363637,0.6136363636363636,2.25,2.8636363636363638,1.2727272727272727,0.3360655737704918,0.3851851851851852,0.5737704918032787,0.9589556769884638,0.35514018691588783,0.022222222222222223,0.1037037037037037,0.08148148148148149,0.3472222222222222,0.6527777777777778,0.5319148936170213,242.5985401459854,3.184543432953513,-0.13790000000000008,122,2,0,18,1,25,47,2,1,0.6666666666666666,WC-B,S9,100,DET,False,DET,2.8762993762993765,30.0,147,19.636056488437177,5.0,7.0,3.0,0.0,3.0,3.0,0.0,1.0,0.5,0.17899922171363608
10,26.666666666666668,132,41,32,32,18,1,0,8,6,23,24,22,9,10,0,7.199999999999999,2.2125,9.225,1.3499999999999999,4.05,1.7999999999999998,0.4444444444444444,0.36283185840707965,0.44696969696969696,0.6637168141592921,1.110686511128989,0.35,0.045454545454545456,0.06060606060606061,0.13636363636363635,0.7285714285714285,0.2714285714285714,2.6842105263157894,238.44202898550725,11.88968001585944,-0.9097,113,1,0,8,4,51,19,5,2,0.7142857142857143,EG-S,S9,103,ANA,False,ANA,5.726299376299377,30.333333333333332,101,13.636056488437177,4.0,3.0,1.0,0.0,2.0,3.0,0.0,0.0,0.4,-0.702568960243823
6,13.666666666666666,60,17,14,14,4,0,1,9,6,6,6,6,11,6,1,6.146341463414634,1.5365853658536586,7.463414634146341,2.6341463414634148,1.75609756097561,3.951219512195122,2.25,0.30357142857142855,0.35,0.7142857142857143,1.0642857142857143,0.2682926829268293,0.1,0.15,0.06666666666666667,0.41379310344827586,0.5862068965517241,0.7058823529411765,254.11111111111111,4.5898569621200975,-0.8495,56,0,0,5,0,12,17,2,2,0.5,FP-B,S9,109,HOU,False,HOU,6.6445920592262055,14.0,164,10.186487240879865,5.0,1.0,0.0,0.0,0.0,4.0,0.0,0.0,0.0,-0.237895222874682
7,23.333333333333332,103,24,15,15,10,0,0,22,5,11,9,14,19,4,1,3.857142857142857,1.4571428571428573,6.171428571428573,1.2857142857142858,2.5714285714285716,5.6571428571428575,2.2,0.25806451612903225,0.3300970873786408,0.5053763440860215,0.8354734314646624,0.2878787878787879,0.04854368932038835,0.21359223300970873,0.0970873786407767,0.5106382978723404,0.48936170212765956,1.0434782608695652,254.28846153846155,-0.7678067031673887,-0.2953,93,0,0,8,0,24,23,2,0,1.0,BS-B,S9,111,HOU,False,HOU,3.5620136620136624,24.666666666666668,98,10.761689988716666,4.0,3.0,2.0,0.0,1.0,2.0,0.0,0.0,0.3333333333333333,0.4563193162124848
7,24.0,107,21,20,20,15,0,1,36,8,9,13,6,12,4,0,5.0,1.5,5.25,2.0,3.75,9.0,2.4,0.23076923076923078,0.3364485981308411,0.5494505494505495,0.8858991475813907,0.2708333333333333,0.07476635514018691,0.3364485981308411,0.14018691588785046,0.5555555555555556,0.4444444444444444,1.25,249.2803738317757,4.171527348329543,-0.14669999999999986,91,1,0,3,1,20,16,1,0,1.0,TT-H,S9,112,HOU,False,HOU,4.58463270963271,25.666666666666668,118,13.481650980585394,4.0,3.0,0.0,0.0,2.0,3.0,0.0,0.0,0.4,-0.02287472404805322
3,4.0,13,2,0,0,1,0,0,0,0,1,1,5,2,2,0,0.0,0.75,3.0,0.0,1.5,0.0,0.0,0.16666666666666666,0.23076923076923078,0.25,0.4807692307692308,0.16666666666666666,0.0,0.0,0.07692307692307693,0.6666666666666666,0.3333333333333333,2.0,308.0,-2.9945996239106183,0.5588000000000001,12,0,0,1,0,8,4,0,0,,EG-H,S9,117,HOU,False,HOU,2.1262993762993765,4.333333333333333,0,0.0,0.0,1.0,0.0,0.0,1.0,0.0,0.0,1.0,1.0,0.3473628982808162
7,28.0,123,40,21,21,8,0,0,14,1,26,10,12,22,16,1,4.5,1.7142857142857142,8.571428571428571,0.21428571428571427,1.7142857142857142,3.0,1.75,0.35714285714285715,0.3902439024390244,0.5535714285714286,0.943815331010453,0.39,0.008130081300813009,0.11382113821138211,0.06504065040650407,0.43283582089552236,0.5671641791044776,0.7631578947368421,239.6984126984127,1.8167319050100894,-0.5185000000000001,112,3,0,7,6,29,38,1,2,0.3333333333333333,TD-H,S9,130,KCR,False,KCR,1.6977279477279479,28.666666666666668,94,12.025475024474977,6.0,3.0,2.0,0.0,2.0,3.0,0.0,0.0,0.4,0.2715622798405129
8,14.0,61,13,7,7,8,0,0,6,3,5,3,11,16,4,0,3.0,1.5,5.571428571428571,1.2857142857142856,3.4285714285714284,2.571428571428571,0.75,0.24528301886792453,0.3442622950819672,0.5094339622641509,0.8536962573461182,0.22727272727272727,0.04918032786885246,0.09836065573770492,0.13114754098360656,0.4444444444444444,0.5555555555555556,0.8,257.5245901639344,-2.650099438865362,-0.21549999999999997,53,0,0,5,0,16,20,0,0,,FP-H,S9,134,NYM,False,NYM,5.019156519156519,16.333333333333332,69,5.0,0.0,6.0,0.0,0.0,1.0,1.0,2.0,0.0,0.5,0.48978525844615267
9,35.666666666666664,138,30,18,18,7,0,0,15,10,11,18,18,36,14,0,3.0280373831775704,1.0373831775700935,5.046728971962617,1.6822429906542058,1.177570093457944,2.5233644859813085,2.142857142857143,0.22900763358778625,0.26811594202898553,0.5343511450381679,0.8024670870671535,0.18867924528301888,0.07246376811594203,0.10869565217391304,0.050724637681159424,0.4444444444444444,0.5555555555555556,0.8,266.7142857142857,-5.395196346495178,0.08239999999999992,131,0,0,8,1,40,50,1,2,0.3333333333333333,FP-S,S9,149,PHI,False,PHI,4.7688227407853585,37.0,80,13.22869440141336,6.0,5.0,4.0,1.0,4.0,2.0,0.0,0.0,0.6666666666666666,1.0480277233253716
9,26.333333333333332,105,24,7,7,6,0,0,12,4,12,14,14,28,6,1,1.5949367088607596,1.139240506329114,5.4683544303797476,0.9113924050632911,1.3670886075949369,2.7341772151898738,2.0,0.24242424242424243,0.2857142857142857,0.46464646464646464,0.7503607503607503,0.24096385542168675,0.0380952380952381,0.11428571428571428,0.05714285714285714,0.46875,0.53125,0.8823529411764706,266.1203703703704,-10.410702555283569,1.0779,99,0,0,6,2,30,34,1,2,0.3333333333333333,FP-S,S9,166,SFG,False,SFG,3.123134819337351,27.666666666666668,62,7.604903355759715,4.0,7.0,2.0,2.0,2.0,0.0,1.0,0.0,1.0,1.4279785838686805
10,22.0,96,31,16,16,5,0,0,6,2,16,15,9,6,23,0,4.363636363636363,1.6363636363636365,8.454545454545455,0.5454545454545454,1.3636363636363635,1.6363636363636362,1.2,0.34444444444444444,0.375,0.5666666666666667,0.9416666666666667,0.3493975903614458,0.020833333333333332,0.0625,0.052083333333333336,0.5,0.5,1.0,257.51020408163265,3.806075379687828,-1.1801000000000001,90,1,0,12,1,29,29,1,1,0.5,WC-H,S9,195,ANA,False,ANA,2.6944811944811944,24.333333333333332,100,10.791729514373703,4.0,6.0,0.0,0.0,1.0,3.0,0.0,0.0,0.25,-0.026862780629058447
6,28.666666666666668,116,30,20,20,4,0,0,23,12,10,12,15,17,15,0,4.186046511627906,1.1860465116279069,6.279069767441859,2.511627906976744,0.8372093023255813,4.813953488372093,5.75,0.2702702702702703,0.29310344827586204,0.7117117117117117,1.0048151599875736,0.23376623376623376,0.10344827586206896,0.19827586206896552,0.034482758620689655,0.4838709677419355,0.5161290322580645,0.9375,243.14285714285714,-0.5750555051416341,-0.04819999999999992,111,1,0,3,5,30,32,2,1,0.6666666666666666,EN-S,S9,198,STL,False,STL,5.632113329787748,29.0,118,15.22869440141336,5.0,3.0,2.0,0.0,2.0,2.0,0.0,0.0,0.5,0.4849471322996637
2,3.6666666666666665,15,1,0,0,4,0,0,1,0,0,3,3,2,1,0,0.0,1.3636363636363638,1.6363636363636367,0.0,6.545454545454547,1.6363636363636367,0.25,0.09090909090909091,0.3333333333333333,0.18181818181818182,0.5151515151515151,0.1,0.0,0.06666666666666667,0.26666666666666666,0.6666666666666666,0.3333333333333333,2.0,306.8125,-2.615614807224219,0.0554,11,0,0,1,0,6,3,0,1,0.0,NT-H,S9,207,MIL,False,MIL,4.103572103572104,5.0,0,0.0,0.0,2.0,0.0,0.0,0.0,0.0,0.0,0.0,0.0,0.31683409905675386
8,24.666666666666668,108,26,15,15,13,0,0,23,7,11,15,7,20,4,0,3.6486486486486487,1.581081081081081,6.324324324324324,1.7027027027027026,3.162162162162162,5.594594594594594,1.7692307692307692,0.2736842105263158,0.3611111111111111,0.6,0.961111111111111,0.2923076923076923,0.06481481481481481,0.21296296296296297,0.12037037037037036,0.52,0.48,1.0833333333333333,243.89908256880733,-1.5171856460656532,-0.26539999999999997,95,0,0,6,2,26,24,0,1,0.0,BS-B,S9,212,CLE,False,CLE,4.781704781704782,26.333333333333332,98,11.466526249011135,6.0,1.0,1.0,0.0,2.0,3.0,0.0,0.0,0.4,0.5496814166137552
10,10.0,36,9,5,5,2,1,0,3,3,2,7,9,4,2,0,3.0,1.1,5.4,1.7999999999999998,1.2000000000000002,1.7999999999999998,1.5,0.2727272727272727,0.3055555555555556,0.6666666666666666,0.9722222222222222,0.21428571428571427,0.08333333333333333,0.08333333333333333,0.05555555555555555,0.7777777777777778,0.2222222222222222,3.5,274.8285714285714,-1.459648134633859,0.12170000000000009,33,1,0,4,0,21,6,0,0,,EG-B,S9,219,CHC,False,CHC,5.276299376299376,12.333333333333334,109,6.0,0.0,6.0,0.0,0.0,0.0,0.0,2.0,2.0,0.0,0.2786190974657825
7,27.333333333333332,119,30,18,18,11,0,0,14,6,16,19,15,20,9,1,3.951219512195122,1.5,6.585365853658537,1.3170731707317074,2.414634146341464,3.073170731707317,1.2727272727272727,0.2803738317757009,0.3445378151260504,0.5327102803738317,0.8772480954998821,0.2727272727272727,0.05042016806722689,0.11764705882352941,0.09243697478991597,0.5671641791044776,0.43283582089552236,1.3103448275862069,256.2118644067797,-1.798255522596941,-0.10260000000000004,107,1,0,7,1,38,29,0,0,,TD-S,S9,249,PHI,False,PHI,4.412884742153035,29.0,116,15.0,6.0,1.0,0.0,0.0,3.0,3.0,0.0,0.0,0.5,0.6183216577120608
3,2.6666666666666665,11,3,1,1,1,0,0,1,0,2,2,0,2,2,0,2.25,1.5,6.75,0.0,2.25,2.25,1.0,0.3,0.36363636363636365,0.4,0.7636363636363637,0.3333333333333333,0.0,0.09090909090909091,0.09090909090909091,0.42857142857142855,0.5714285714285714,0.75,242.08333333333334,-1.7363125659541891,-0.10970000000000002,10,0,0,1,0,3,4,1,0,1.0,BS-B,S9,258,BOS,False,BOS,1.7512993762993765,3.0,0,0.0,0.0,2.0,0.0,0.0,0.0,0.0,1.0,1.0,0.0,0.2141645100405957
2,2.3333333333333335,11,3,0,0,1,0,0,1,0,2,2,2,0,2,0,0.0,1.7142857142857142,7.7142857142857135,0.0,2.571428571428571,2.571428571428571,1.0,0.3,0.36363636363636365,0.5,0.8636363636363636,0.3333333333333333,0.0,0.09090909090909091,0.09090909090909091,0.6666666666666666,0.3333333333333333,2.0,269.5,-0.17750160551897715,-0.0274,10,0,0,0,1,4,2,0,0,,EG-S,S9,262,MIA,False,MIA,1.804870804870805,3.0,0,0.0,0.0,2.0,0.0,0.0,0.0,0.0,0.0,0.0,0.0,0.058283413997074464
6,10.666666666666666,54,18,14,14,9,0,0,1,6,10,9,9,6,2,0,7.875,2.53125,10.125,3.375,5.0625,0.5625,0.1111111111111111,0.4,0.5,0.8666666666666667,1.3666666666666667,0.3157894736842105,0.1111111111111111,0.018518518518518517,0.16666666666666666,0.7142857142857143,0.2857142857142857,2.5,232.73333333333332,4.5143083514513975,-0.4428999999999999,45,0,0,1,1,20,8,3,3,0.5,EG-H,S9,265,SEA,False,SEA,11.032549376299377,12.666666666666666,127,7.18030565461029,0.0,4.0,0.0,0.0,1.0,2.0,0.0,1.0,0.3333333333333333,-0.2524494091415448
4,21.0,89,14,10,10,13,0,0,26,2,6,7,10,15,4,0,2.857142857142857,1.2857142857142858,4.0,0.5714285714285714,3.7142857142857144,7.428571428571429,2.0,0.18421052631578946,0.30337078651685395,0.3684210526315789,0.6717918391484329,0.25,0.02247191011235955,0.29213483146067415,0.14606741573033707,0.4864864864864865,0.5135135135135135,0.9473684210526315,254.64444444444445,-4.251443232841564,0.48579999999999995,76,0,0,4,2,18,19,1,0,1.0,TT-S,S9,270,2TM,False,CIN,1.9953469953469956,21.0,43,4.0,4.0,3.0,3.0,2.0,2.0,1.0,0.0,0.0,0.6666666666666666,0.7530951920678592
1,4.0,17,5,2,2,0,0,0,1,1,3,2,3,5,1,0,3.0,1.25,7.5,1.5,0.0,1.5,,0.29411764705882354,0.29411764705882354,0.5294117647058824,0.8235294117647058,0.26666666666666666,0.058823529411764705,0.058823529411764705,0.0,0.45454545454545453,0.5454545454545454,0.8333333333333334,251.44444444444446,-0.7145606157793458,-0.07090000000000002,17,0,0,1,0,5,6,1,0,1.0,TT-S,S9,270,TBR,True,TBR,4.126299376299377,4.0,56,1.0,1.0,0.0,0.0,0.0,0.0,0.0,0.0,0.0,0.0,0.13409836235684408
3,17.0,72,9,8,8,13,0,0,25,1,3,5,7,10,3,0,2.823529411764706,1.2941176470588236,3.1764705882352944,0.3529411764705882,4.588235294117647,8.823529411764707,1.9230769230769231,0.15254237288135594,0.3055555555555556,0.3220338983050847,0.6275894538606404,0.24242424242424243,0.013888888888888888,0.3472222222222222,0.18055555555555555,0.5,0.5,1.0,255.44444444444446,-3.5368826170622203,0.5567,59,0,0,3,2,13,13,0,0,,TT-S,S9,270,CIN,True,CIN,1.493946435122906,17.0,40,3.0,3.0,3.0,3.0,2.0,2.0,1.0,0.0,0.0,0.6666666666666666,0.6189968297110153
7,35.333333333333336,144,36,16,16,8,0,0,14,6,19,13,23,38,12,0,2.7169811320754715,1.2452830188679245,6.113207547169811,1.0188679245283019,1.3584905660377358,2.3773584905660377,1.75,0.2647058823529412,0.3055555555555556,0.4852941176470588,0.7908496732026145,0.25862068965517243,0.041666666666666664,0.09722222222222222,0.05555555555555555,0.45054945054945056,0.5494505494505495,0.82,250.90344827586208,-7.991833213246988,0.8471000000000001,136,0,0,10,1,41,50,0,1,0.0,BF-H,S9,271,LAD,False,LAD,3.4706389989408857,35.666666666666664,76,12.0,7.0,5.0,5.0,1.0,5.0,2.0,0.0,0.0,0.7142857142857143,1.3298004573342852
6,29.666666666666668,135,40,22,22,12,0,3,17,3,19,20,11,23,12,0,4.449438202247191,1.7528089887640448,8.089887640449438,0.6067415730337078,2.426966292134831,3.438202247191011,1.4166666666666667,0.33613445378151263,0.3851851851851852,0.6134453781512605,0.9986305633364457,0.3592233009708738,0.022222222222222223,0.1259259259259259,0.08888888888888889,0.4927536231884058,0.5072463768115942,0.9714285714285714,239.81294964028777,2.4056596030163275,-0.10360000000000011,119,4,0,12,6,34,35,4,3,0.5714285714285714,TD-S,S9,275,2TM,False,STL,2.758321848209489,30.0,105,14.0,5.0,3.0,2.0,1.0,3.0,3.0,0.0,0.0,0.5,0.2568876047073546
3,16.666666666666668,73,18,9,9,8,0,3,10,1,9,12,7,12,6,0,3.2399999999999998,1.5599999999999998,6.479999999999999,0.36,2.88,3.5999999999999996,1.25,0.28125,0.3561643835616438,0.484375,0.8405393835616438,0.3148148148148148,0.0136986301369863,0.136986301369863,0.1095890410958904,0.55,0.45,1.2222222222222223,256.8857142857143,-1.732284915912794,0.19760000000000003,64,1,0,6,2,22,18,0,0,,TD-S,S9,275,CWS,True,CWS,2.3962993762993765,17.0,66,5.0,3.0,2.0,2.0,1.0,2.0,1.0,0.0,0.0,0.6666666666666666,0.4422219008183615
3,13.0,62,22,13,13,4,0,0,7,2,10,8,4,11,6,0,6.0,2.0,10.153846153846153,0.9230769230769231,1.8461538461538463,3.230769230769231,1.75,0.4,0.41935483870967744,0.7636363636363637,1.1829912023460412,0.40816326530612246,0.03225806451612903,0.11290322580645161,0.06451612903225806,0.41379310344827586,0.5862068965517241,0.7058823529411765,222.4927536231884,4.137944518929122,-0.30120000000000013,55,3,0,6,4,12,17,4,3,0.5714285714285714,TD-S,S9,275,STL,True,STL,3.2224532224532227,13.0,156,9.0,2.0,1.0,0.0,0.0,1.0,2.0,0.0,0.0,0.3333333333333333,-0.18533429611100688
7,16.666666666666668,78,27,22,22,5,0,3,17,12,7,7,8,11,2,1,7.919999999999999,1.92,9.719999999999999,4.32,1.7999999999999998,6.12,3.4,0.3698630136986301,0.41025641025641024,1.0,1.4102564102564101,0.3409090909090909,0.15384615384615385,0.21794871794871795,0.0641025641025641,0.5517241379310345,0.4482758620689655,1.2307692307692308,236.6,9.002283313213603,-0.8225,73,0,0,6,2,16,13,2,3,0.4,TT-H,S9,284,CWS,False,CWS,9.596299376299376,17.333333333333332,263,20.249511312274574,4.0,3.0,0.0,0.0,0.0,3.0,0.0,0.0,0.0,-0.6128107159828342
4,6.0,21,2,2,2,2,0,0,2,0,1,2,5,5,2,0,2.0,0.6666666666666666,2.0,0.0,2.0,2.0,1.0,0.10526315789473684,0.19047619047619047,0.15789473684210525,0.3483709273182957,0.11764705882352941,0.0,0.09523809523809523,0.09523809523809523,0.5333333333333333,0.4666666666666667,1.1428571428571428,297.8095238095238,-1.456601346093058,-0.20120000000000005,19,0,0,1,0,8,7,0,0,,TD-B,S9,287,PHI,False,PHI,1.7096327096327097,6.0,0,0.0,0.0,4.0,0.0,0.0,0.0,1.0,0.0,0.0,0.0,0.2230418002773705
6,24.666666666666668,100,22,12,12,5,0,0,36,6,9,8,8,14,7,0,2.918918918918919,1.0945945945945945,5.351351351351351,1.4594594594594594,1.2162162162162162,8.756756756756756,7.2,0.23157894736842105,0.27,0.5052631578947369,0.7752631578947369,0.3018867924528302,0.06,0.36,0.05,0.43243243243243246,0.5675675675675675,0.7619047619047619,251.55882352941177,-4.284658522645806,-0.22499999999999995,95,0,0,6,1,16,21,2,1,0.6666666666666666,TT-S,S9,296,NYM,False,NYM,2.227650727650728,25.0,103,11.481650980585394,5.0,3.0,2.0,1.0,2.0,2.0,0.0,0.0,0.5,0.7969499744934602
5,13.666666666666666,59,12,9,9,7,0,1,10,2,4,2,5,17,6,0,3.951219512195122,1.3902439024390245,5.2682926829268295,0.878048780487805,3.073170731707317,4.390243902439025,1.4285714285714286,0.24,0.3220338983050847,0.5,0.8220338983050848,0.25,0.03389830508474576,0.1694915254237288,0.11864406779661017,0.25806451612903225,0.7419354838709677,0.34782608695652173,241.91525423728814,-0.19937118161074208,0.13150000000000003,50,2,0,5,1,8,23,1,0,1.0,FP-H,S9,305,PIT,False,PIT,3.3519091323969374,14.0,80,5.0,1.0,4.0,0.0,0.0,0.0,1.0,1.0,0.0,0.0,0.23734275027611312
16,91.0,412,114,67,67,42,3,0,65,9,57,38,41,80,32,0,4.417582417582418,1.7142857142857142,7.516483516483516,0.5934065934065934,2.769230769230769,4.285714285714286,1.5476190476190477,0.3157894736842105,0.3786407766990291,0.5512465373961218,0.9298873140951509,0.3547297297297297,0.021844660194174758,0.15776699029126215,0.10194174757281553,0.4427860696517413,0.5572139303482587,0.7946428571428571,242.7132701421801,0.7158328609902505,-1.3113000000000001,361,9,0,38,10,89,112,8,7,0.5333333333333333,NH-S,S9,331,SDP,False,SDP,2.6180576180576183,91.66666666666667,96,39.19777776055095,16.0,12.0,12.0,0.0,6.0,8.0,0.0,0.0,0.42857142857142855,1.4465712974839586
9,26.666666666666668,120,33,14,14,14,0,0,25,8,16,13,8,18,9,0,3.15,1.7625,7.425000000000001,1.7999999999999998,3.1500000000000004,5.625,1.7857142857142858,0.3113207547169811,0.39166666666666666,0.6226415094339622,1.014308176100629,0.3424657534246575,0.06666666666666667,0.20833333333333334,0.11666666666666667,0.49056603773584906,0.5094339622641509,0.9629629629629629,235.8780487804878,-5.090305525526588,0.19219999999999998,106,0,0,9,0,26,27,2,2,0.5,BS-H,S9,337,2TM,False,TOR,4.976299376299377,28.666666666666668,95,12.149533732786992,4.0,4.0,0.0,0.0,1.0,4.0,0.0,0.0,0.2,0.9512114992273144
3,7.666666666666667,36,13,6,6,3,0,0,7,3,7,5,3,4,1,0,4.695652173913043,2.0869565217391304,10.173913043478262,2.3478260869565215,2.3478260869565215,5.478260869565217,2.3333333333333335,0.3939393939393939,0.4444444444444444,0.7575757575757576,1.202020202020202,0.43478260869565216,0.08333333333333333,0.19444444444444445,0.08333333333333333,0.6666666666666666,0.3333333333333333,2.0,223.5,-0.49825359301315814,-0.1288,33,0,0,3,0,10,5,0,1,0.0,BS-H,S9,337,TEX,True,TEX,5.811081984995029,8.333333333333334,132,4.884942363890988,2.0,0.0,0.0,0.0,0.0,2.0,0.0,0.0,0.0,0.18247964330371244
6,19.0,84,20,8,8,11,0,0,18,5,9,8,5,14,8,0,2.526315789473684,1.631578947368421,6.315789473684211,1.5789473684210527,3.473684210526316,5.684210526315789,1.6363636363636365,0.273972602739726,0.36904761904761907,0.5616438356164384,0.9306914546640574,0.3,0.05952380952380952,0.21428571428571427,0.13095238095238096,0.42105263157894735,0.5789473684210527,0.7272727272727273,241.0,-4.592051932513431,0.3209999999999998,73,0,0,6,0,16,22,2,1,0.6666666666666666,BS-H,S9,337,TOR,True,TOR,4.6394572710362185,20.333333333333332,80,7.264591368896005,2.0,4.0,0.0,0.0,1.0,2.0,0.0,0.0,0.3333333333333333,0.7687318559236018
9,35.0,141,28,13,13,14,0,0,18,6,12,13,14,42,12,0,2.2285714285714286,1.2,4.800000000000001,1.0285714285714285,2.4000000000000004,3.0857142857142854,1.2857142857142858,0.22580645161290322,0.2978723404255319,0.46774193548387094,0.7656142759094029,0.21359223300970873,0.0425531914893617,0.1276595744680851,0.09929078014184398,0.36470588235294116,0.6352941176470588,0.5740740740740741,249.75342465753425,-10.735931242592079,0.5682,124,3,0,8,2,31,54,3,2,0.6,FP-S,S9,361,PIT,False,PIT,3.7762993762993764,35.0,81,12.570012272428535,5.0,7.0,3.0,1.0,3.0,4.0,1.0,0.0,0.42857142857142855,1.593155736601928
3,3.6666666666666665,16,4,2,2,1,0,0,7,0,2,1,1,2,0,0,3.272727272727273,1.3636363636363638,6.545454545454547,0.0,1.6363636363636367,11.454545454545455,7.0,0.26666666666666666,0.3125,0.4666666666666667,0.7791666666666667,0.5,0.0,0.4375,0.0625,0.5,0.5,1.0,221.58823529411765,-0.4959497014628498,0.07570000000000002,15,0,0,1,1,2,2,1,0,1.0,BB-S,S9,373,BOS,False,BOS,-1.6237006237006235,4.0,169,3.0,0.0,2.0,0.0,0.0,0.0,0.0,0.0,1.0,0.0,0.10855242970290571
4,11.0,51,17,8,8,3,0,0,7,4,10,4,10,5,4,1,4.363636363636363,1.8181818181818181,9.272727272727273,2.1818181818181817,1.6363636363636362,3.8181818181818183,2.3333333333333335,0.3617021276595745,0.39215686274509803,0.7021276595744681,1.094284522319566,0.35135135135135137,0.0784313725490196,0.13725490196078433,0.058823529411764705,0.64,0.36,1.7777777777777777,241.09615384615384,0.7718553053061061,-0.5815,47,1,0,2,1,16,9,1,0,1.0,EG-H,S9,378,MIA,False,MIA,5.6490266490266485,12.0,144,7.666521136377744,1.0,3.0,0.0,0.0,0.0,1.0,0.0,0.0,0.0,0.11074137180611796
7,26.666666666666668,121,36,20,20,11,1,0,18,7,20,13,11,22,10,0,4.5,1.7625,8.1,1.5750000000000002,2.4749999999999996,4.05,1.6363636363636365,0.3364485981308411,0.3884297520661157,0.6355140186915887,1.0239437707577044,0.3411764705882353,0.05785123966942149,0.1487603305785124,0.09090909090909091,0.4838709677419355,0.5161290322580645,0.9375,236.37704918032787,-0.09836043428775942,-0.8539,107,3,0,7,2,30,32,2,0,1.0,NH-H,S9,390,ARI,False,ARI,4.676299376299376,27.333333333333332,113,13.762306346387454,4.0,3.0,2.0,0.0,2.0,2.0,0.0,1.0,0.5,0.4557018313257202
7,13.333333333333334,67,23,23,23,9,0,0,3,1,12,7,12,10,3,0,10.35,2.4,10.35,0.44999999999999996,4.05,1.3499999999999999,0.3333333333333333,0.40350877192982454,0.47761194029850745,0.631578947368421,1.1091908876669285,0.4074074074074074,0.014925373134328358,0.04477611940298507,0.13432835820895522,0.6176470588235294,0.38235294117647056,1.6153846153846154,230.12328767123287,12.854983984142846,-1.3641,57,1,0,10,0,21,13,3,3,0.5,EG-B,S9,394,TOR,False,TOR,3.9262993762993763,13.666666666666666,108,6.570012272428537,4.0,2.0,0.0,0.0,0.0,3.0,0.0,0.0,0.0,-1.0386140365209353
10,28.333333333333332,112,23,8,8,8,0,0,12,3,11,8,5,14,41,1,1.6941176470588235,1.0941176470588236,4.870588235294118,0.6352941176470588,1.6941176470588235,2.541176470588235,1.5,0.22330097087378642,0.2767857142857143,0.4174757281553398,0.694261442441054,0.2247191011235955,0.026785714285714284,0.10714285714285714,0.07142857142857142,0.21428571428571427,0.7857142857142857,0.2727272727272727,262.2695652173913,-12.093130611491548,1.4729000000000003,103,1,0,7,2,15,55,1,2,0.3333333333333333,WC-H,S9,395,TOR,False,TOR,2.7527699645346706,29.333333333333332,66,8.656566608773646,5.0,6.0,2.0,1.0,3.0,2.0,1.0,0.0,0.6,1.6220152780455
5,5.333333333333333,26,11,5,5,0,0,0,4,1,3,5,2,2,2,0,5.625,2.0625,12.375,1.125,0.0,4.5,,0.4230769230769231,0.4230769230769231,0.9230769230769231,1.3461538461538463,0.47619047619047616,0.038461538461538464,0.15384615384615385,0.0,0.6363636363636364,0.36363636363636365,1.75,223.46428571428572,4.072393722424034,0.09260000000000002,26,0,0,4,3,7,4,1,1,0.5,TD-S,S9,413,CLE,False,CLE,2.3137993762993765,7.0,176,5.481650980585394,0.0,2.0,0.0,0.0,0.0,0.0,1.0,1.0,0.0,-0.31143350046289475
6,24.333333333333332,95,18,9,9,13,1,0,8,6,7,11,14,23,7,0,2.219178082191781,1.273972602739726,4.438356164383562,1.4794520547945207,3.205479452054795,1.9726027397260277,0.6153846153846154,0.2222222222222222,0.3263157894736842,0.5185185185185185,0.8448343079922027,0.17647058823529413,0.06315789473684211,0.08421052631578947,0.1368421052631579,0.5161290322580645,0.4838709677419355,1.0666666666666667,251.05154639175257,-9.103136219928555,0.31189999999999996,81,1,0,4,1,32,30,1,2,0.3333333333333333,NT-B,S9,471,ANA,False,ANA,5.5269843078062255,24.0,81,8.627765488122416,4.0,3.0,2.0,1.0,2.0,2.0,0.0,1.0,0.5,1.2603735381102912
3,7.666666666666667,26,6,1,1,0,0,0,4,0,4,6,6,3,1,0,0.7826086956521738,0.7826086956521738,4.695652173913043,0.0,0.0,3.1304347826086953,,0.23076923076923078,0.23076923076923078,0.3076923076923077,0.5384615384615385,0.2727272727272727,0.0,0.15384615384615385,0.0,0.7777777777777778,0.2222222222222222,3.5,299.4074074074074,-4.189693406380979,0.30110000000000003,26,0,0,2,0,14,4,0,1,0.0,EG-S,S9,485,MIN,False,MIN,0.3328211154298113,7.666666666666667,7,0.2286944014133594,0.0,3.0,0.0,0.0,0.0,0.0,1.0,0.0,0.0,0.5147752124176066
4,13.0,51,11,5,5,4,0,0,8,2,4,2,4,12,10,0,2.3076923076923075,1.1538461538461537,5.076923076923077,0.9230769230769231,1.8461538461538463,3.6923076923076925,2.0,0.23404255319148937,0.29411764705882354,0.46808510638297873,0.7622027534418023,0.24324324324324326,0.0392156862745098,0.1568627450980392,0.0784313725490196,0.2413793103448276,0.7586206896551724,0.3181818181818182,249.41509433962264,-4.722408450792261,0.12199999999999991,47,0,0,5,0,7,22,0,2,0.0,WC-H,S9,516,MIL,False,MIL,3.0686070686070686,13.333333333333334,62,3.676433929736278,2.0,3.0,1.0,1.0,2.0,0.0,1.0,0.0,1.0,0.6601677474159546
6,31.0,136,38,15,15,10,0,0,24,4,21,13,14,28,8,1,2.903225806451613,1.5483870967741935,7.35483870967742,0.7741935483870968,1.935483870967742,4.64516129032258,2.4,0.3114754098360656,0.35294117647058826,0.5245901639344263,0.8775313404050145,0.3469387755102041,0.029411764705882353,0.17647058823529413,0.07352941176470588,0.4626865671641791,0.5373134328358209,0.8611111111111112,246.4388489208633,-6.277272597467644,-0.012699999999999923,122,4,0,12,1,31,36,2,1,0.6666666666666666,BS-H,S9,610,DET,False,DET,2.4730735698477635,31.333333333333332,65,9.0,6.0,3.0,3.0,0.0,3.0,2.0,0.0,0.0,0.6,1.1288656659780405
9,21.666666666666668,93,22,14,14,10,0,0,33,7,9,6,4,15,2,1,3.876923076923077,1.4769230769230768,6.092307692307692,1.9384615384615382,2.769230769230769,9.138461538461538,3.3,0.2716049382716049,0.34408602150537637,0.6172839506172839,0.9613699721226603,0.3488372093023256,0.07526881720430108,0.3548387096774194,0.10752688172043011,0.41379310344827586,0.5862068965517241,0.7058823529411765,234.340206185567,-0.2755697316079855,-0.5772,81,2,0,5,1,12,17,2,2,0.5,TT-H,S9,646,CLE,False,CLE,3.914760914760915,23.0,94,9.666521136377744,5.0,1.0,0.0,0.0,2.0,3.0,0.0,1.0,0.4,0.37024720683365653
1,0.6666666666666666,2,0,0,0,0,0,0,2,0,0,0,0,0,0,0,0.0,0.0,0.0,0.0,0.0,18.0,,0.0,0.0,0.0,0.0,,0.0,1.0,0.0,,,,294.0,-0.7192513368983957,0.056,2,0,0,0,0,0,0,0,0,,NH-S,S9,647,PIT,False,PIT,-4.623700623700623,1.0,0,0.0,0.0,0.0,0.0,0.0,0.0,0.0,0.0,1.0,0.0,0.07929481613441716
3,9.333333333333334,48,17,15,15,7,0,0,6,5,9,5,5,7,1,0,9.642857142857142,2.571428571428571,10.928571428571429,3.2142857142857144,4.5,3.8571428571428568,0.8571428571428571,0.4146341463414634,0.5,0.8780487804878049,1.3780487804878048,0.4,0.10416666666666667,0.125,0.14583333333333334,0.6363636363636364,0.36363636363636365,1.75,215.5625,8.954305022346233,-0.9567000000000002,41,0,0,2,1,14,8,0,0,,BS-B,S9,686,CWS,False,CWS,9.304870804870804,10.0,90,4.0,2.0,1.0,1.0,0.0,0.0,2.0,0.0,0.0,0.0,-0.7185581235647611
13,28.333333333333332,136,46,27,27,11,0,1,15,12,23,15,11,33,4,1,5.7176470588235295,2.011764705882353,9.741176470588236,2.541176470588235,2.3294117647058825,3.1764705882352944,1.3636363636363635,0.37398373983739835,0.41911764705882354,0.7560975609756098,1.1752152080344334,0.3469387755102041,0.08823529411764706,0.11029411764705882,0.08088235294117647,0.463768115942029,0.5362318840579711,0.8648648648648649,219.69565217391303,6.331159348250089,-1.4575,123,2,0,11,0,32,37,3,0,1.0,BS-S,S9,696,STL,False,STL,6.9880640821817295,31.0,168,23.168514330710753,1.0,9.0,1.0,0.0,1.0,3.0,0.0,0.0,0.25,-0.1319775285937327
6,27.0,115,24,19,19,12,0,0,39,9,9,12,5,17,5,0,4.222222222222222,1.3333333333333333,5.333333333333333,2.0,2.6666666666666665,8.666666666666666,3.25,0.23529411764705882,0.3130434782608696,0.5784313725490197,0.8914748508098893,0.2727272727272727,0.0782608695652174,0.3391304347826087,0.10434782608695652,0.45,0.55,0.8181818181818182,243.98333333333332,1.7765393552100988,0.42720000000000014,102,1,0,4,2,18,22,4,1,0.8,TT-S,S9,714,TOR,False,TOR,4.154077154077154,28.333333333333332,99,12.508733409544632,5.0,1.0,1.0,0.0,1.0,2.0,0.0,0.0,0.3333333333333333,0.2461028050422016
2,1.3333333333333333,12,6,7,7,2,0,0,0,0,2,1,1,0,2,0,31.5,6.0,27.0,0.0,9.0,0.0,0.0,0.6,0.6666666666666666,1.1,1.7666666666666666,0.6,0.0,0.0,0.16666666666666666,0.5,0.5,1.0,188.76923076923077,5.758365950613728,-0.0031999999999999993,10,0,0,3,1,2,2,1,0,1.0,POS,S9,716,TEX,False,TEX,5.876299376299377,1.3333333333333333,610,3.620436794039894,0.0,0.0,0.0,0.0,0.0,0.0,0.0,0.0,0.0,-0.5316185003939072
2,3.0,17,4,7,7,5,0,0,2,1,2,1,0,3,2,0,14.0,3.0,8.0,2.0,10.0,4.0,0.4,0.3333333333333333,0.5294117647058824,0.6666666666666666,1.196078431372549,0.3333333333333333,0.058823529411764705,0.11764705882352941,0.29411764705882354,0.16666666666666666,0.8333333333333334,0.2,205.55,3.8092884222684753,-0.6811,12,0,0,1,0,1,5,2,1,0.6666666666666666,BS-B,S9,752,TEX,False,TEX,9.376299376299377,3.6666666666666665,0,0.0,1.0,0.0,0.0,0.0,0.0,0.0,0.0,0.0,0.0,-0.318286541447938
5,8.333333333333334,40,12,11,11,4,0,0,3,4,5,7,7,6,1,0,7.919999999999999,1.92,8.64,2.88,2.88,2.16,0.75,0.34285714285714286,0.4,0.7714285714285715,1.1714285714285715,0.27586206896551724,0.1,0.075,0.1,0.6818181818181818,0.3181818181818182,2.142857142857143,233.0952380952381,5.24223395435129,-0.15770000000000003,35,1,0,3,0,15,7,2,0,1.0,EG-H,S9,758,MIL,False,MIL,8.336299376299376,9.666666666666666,140,6.0,3.0,1.0,0.0,0.0,2.0,1.0,0.0,0.0,0.6666666666666666,-0.3768297465435772
9,34.333333333333336,140,27,19,19,15,0,0,23,9,12,16,13,36,10,0,3.320388349514563,1.2233009708737863,4.718446601941747,1.5728155339805825,2.6213592233009706,4.019417475728154,1.5333333333333334,0.21774193548387097,0.3,0.5,0.8,0.1935483870967742,0.06428571428571428,0.16428571428571428,0.10714285714285714,0.4177215189873418,0.5822784810126582,0.717391304347826,250.67142857142858,-4.438491595497813,-0.14409999999999992,124,1,0,4,2,33,46,1,1,0.5,FP-H,S9,771,COL,False,COL,4.7549401529984054,34.666666666666664,78,12.0,5.0,8.0,4.0,1.0,3.0,4.0,0.0,0.0,0.42857142857142855,0.9597269306702128
4,3.0,15,5,3,3,3,2,0,0,0,2,2,3,1,1,0,6.0,2.6666666666666665,10.0,0.0,6.0,0.0,0.0,0.4166666666666667,0.5333333333333333,0.6666666666666666,1.2,0.4166666666666667,0.0,0.0,0.2,0.7777777777777778,0.2222222222222222,3.5,241.46153846153845,4.491992668195125,-1.0759999999999998,12,0,0,3,0,7,2,0,0,,EG-S,S9,772,SDP,False,SDP,4.376299376299377,4.0,169,3.0,0.0,4.0,0.0,0.0,0.0,2.0,0.0,0.0,0.0,-0.39392664848518055
8,19.0,84,15,14,14,15,0,1,24,6,7,2,9,10,9,0,4.421052631578948,1.5789473684210527,4.7368421052631575,1.894736842105263,4.7368421052631575,7.578947368421052,1.6,0.22058823529411764,0.35714285714285715,0.5147058823529411,0.8718487394957983,0.23076923076923078,0.07142857142857142,0.2857142857142857,0.17857142857142858,0.42424242424242425,0.5757575757575758,0.7368421052631579,239.10344827586206,0.6152063535666593,-0.36639999999999995,68,1,0,2,0,14,19,4,0,1.0,TT-H,S9,775,ANA,False,ANA,5.323667797352008,20.333333333333332,98,8.900647857333183,4.0,4.0,1.0,0.0,2.0,1.0,0.0,1.0,0.6666666666666666,0.2480060273155929
7,12.333333333333334,62,19,12,12,6,0,0,4,2,6,7,9,15,2,0,5.837837837837838,2.0270270270270268,9.243243243243244,0.9729729729729728,2.918918918918919,1.9459459459459456,0.6666666666666666,0.34545454545454546,0.4032258064516129,0.7090909090909091,1.112316715542522,0.34,0.03225806451612903,0.06451612903225806,0.0967741935483871,0.48484848484848486,0.5151515151515151,0.9411764705882353,226.0,4.533420861201163,-1.2037,55,1,0,8,3,16,17,0,0,,TD-S,S9,776,2TM,False,NYY,4.295218295218295,14.333333333333334,130,8.280039008131272,3.0,3.0,0.0,0.0,0.0,4.0,1.0,0.0,0.0,-0.22488193033821102
2,4.666666666666667,21,5,3,3,2,0,0,2,0,2,2,4,4,2,0,3.8571428571428568,1.5,6.428571428571429,0.0,2.571428571428571,2.571428571428571,1.0,0.2777777777777778,0.3333333333333333,0.5,0.8333333333333333,0.29411764705882354,0.0,0.09523809523809523,0.09523809523809523,0.5,0.5,1.0,259.85714285714283,-0.013200769724182382,-0.2387,18,1,0,2,1,6,6,0,0,,TD-S,S9,776,OAK,True,OAK,1.804870804870805,5.0,45,1.0,1.0,1.0,0.0,0.0,0.0,1.0,0.0,0.0,0.0,0.07870174264048294
5,7.666666666666667,41,14,9,9,4,0,0,2,2,4,5,5,11,0,0,7.0434782608695645,2.3478260869565215,10.956521739130434,1.5652173913043477,3.1304347826086953,1.5652173913043477,0.5,0.3783783783783784,0.43902439024390244,0.8108108108108109,1.2498352010547134,0.36363636363636365,0.04878048780487805,0.04878048780487805,0.0975609756097561,0.47619047619047616,0.5238095238095238,0.9090909090909091,208.65853658536585,4.546621630925345,-0.965,37,0,0,6,2,10,11,0,0,,TD-S,S9,776,NYY,True,NYY,5.811081984995029,9.333333333333334,175,7.280039008131272,2.0,2.0,0.0,0.0,0.0,3.0,1.0,0.0,0.0,-0.3035836729786939
2,0.0,2,1,1,1,1,0,0,0,0,0,0,0,0,0,0,,,,,,,0.0,1.0,1.0,2.0,3.0,1.0,0.0,0.0,0.5,,,,152.33333333333334,1.6759964375338607,-0.0471,1,0,0,1,0,0,0,1,0,1.0,WC-S,S9,783,BOS,False,BOS,inf,0.0,0,1.0892169889123062,0.0,0.0,0.0,0.0,0.0,0.0,0.0,0.0,0.0,-0.16022996130880848
8,19.333333333333332,87,24,17,17,6,0,0,15,3,12,9,12,12,9,0,5.275862068965518,1.5517241379310345,7.448275862068966,0.9310344827586208,1.8620689655172415,4.655172413793103,2.5,0.3037974683544304,0.3448275862068966,0.5443037974683544,0.889131383675251,0.3333333333333333,0.034482758620689655,0.1724137931034483,0.06896551724137931,0.5,0.5,1.0,259.02222222222224,2.866319091670693,-0.5734999999999999,79,2,0,8,1,21,21,2,1,0.6666666666666666,NH-S,S9,786,MIL,False,MIL,2.7728511004373075,20.333333333333332,105,9.481650980585394,2.0,6.0,0.0,0.0,0.0,0.0,2.0,0.0,0.0,0.03394927717205589
7,11.666666666666666,48,12,5,5,2,0,0,5,1,8,4,5,5,15,0,2.5714285714285716,1.2,6.171428571428573,0.5142857142857142,1.0285714285714285,2.5714285714285716,2.5,0.2608695652173913,0.2916666666666667,0.391304347826087,0.6829710144927537,0.275,0.020833333333333332,0.10416666666666667,0.041666666666666664,0.3333333333333333,0.6666666666666666,0.5,250.50980392156862,-2.904254022160324,-0.06070000000000007,46,0,0,3,0,10,20,3,0,1.0,WC-S,S9,788,PHI,False,PHI,2.147727947727948,12.0,37,2.0,1.0,5.0,0.0,0.0,1.0,1.0,0.0,1.0,0.5,0.4672977808858946
6,22.333333333333332,93,18,10,10,12,0,1,13,4,6,10,10,20,10,0,2.6865671641791047,1.3432835820895523,4.835820895522388,1.0746268656716418,3.2238805970149254,3.4925373134328357,1.0833333333333333,0.2222222222222222,0.3225806451612903,0.48148148148148145,0.8040621266427718,0.21875,0.043010752688172046,0.13978494623655913,0.12903225806451613,0.4339622641509434,0.5660377358490566,0.7666666666666667,251.33333333333334,-5.491321202230343,0.43800000000000006,81,0,0,7,1,23,30,1,1,0.5,NT-H,S9,802,ATL,False,ATL,4.152418779284451,24.333333333333332,65,7.0,5.0,3.0,2.0,0.0,1.0,1.0,0.0,0.0,0.5,0.8918223538958923
5,21.333333333333332,95,23,13,13,13,0,0,21,8,12,2,10,15,11,0,3.65625,1.6875,6.46875,2.25,3.65625,5.90625,1.6153846153846154,0.2839506172839506,0.37894736842105264,0.6172839506172839,0.9962313190383365,0.2830188679245283,0.08421052631578947,0.22105263157894736,0.1368421052631579,0.3953488372093023,0.6046511627906976,0.6538461538461539,226.91836734693877,-0.9726121968043748,0.1768000000000001,81,1,0,3,0,17,26,3,0,1.0,TT-S,S9,1692,CIN,False,CIN,6.110674376299377,21.666666666666668,93,9.0,3.0,3.0,1.0,0.0,3.0,1.0,0.0,0.0,0.75,0.447321135797873
5,24.0,97,25,16,16,6,0,0,19,11,7,11,12,16,8,0,4.0,1.2916666666666667,6.25,2.75,1.5,4.75,3.1666666666666665,0.2808988764044944,0.31958762886597936,0.7303370786516854,1.0499247075176648,0.22950819672131148,0.1134020618556701,0.1958762886597938,0.061855670103092786,0.5102040816326531,0.4897959183673469,1.0416666666666667,254.62745098039215,0.7728163760265333,-0.25630000000000003,89,2,0,7,0,25,24,1,4,0.2,BF-H,S9,1703,MIN,False,MIN,6.501299376299377,24.0,99,10.620436794039893,4.0,3.0,2.0,0.0,2.0,2.0,0.0,0.0,0.5,0.28014796095935984
6,28.0,128,38,18,18,11,0,0,9,5,16,9,8,13,40,0,3.857142857142857,1.75,8.142857142857142,1.0714285714285714,2.357142857142857,1.9285714285714288,0.8181818181818182,0.3247863247863248,0.3828125,0.6153846153846154,0.9981971153846154,0.32038834951456313,0.0390625,0.0703125,0.0859375,0.2638888888888889,0.7361111111111112,0.3584905660377358,239.08955223880596,-1.3354031740776757,-0.4244,117,0,0,15,2,19,53,3,3,0.5,WC-S,S9,1759,NYY,False,NYY,4.233442233442234,27.666666666666668,70,8.666521136377744,6.0,1.0,1.0,0.0,2.0,2.0,0.0,0.0,0.5,0.6051999938607334
5,12.333333333333334,52,18,10,10,1,0,0,5,3,7,3,8,14,2,0,4.864864864864865,1.5405405405405406,8.756756756756756,1.4594594594594594,0.4864864864864864,2.4324324324324325,5.0,0.36,0.36538461538461536,0.74,1.1053846153846154,0.3488372093023256,0.057692307692307696,0.09615384615384616,0.019230769230769232,0.4482758620689655,0.5517241379310345,0.8125,235.85185185185185,1.994091620490835,-0.2538,50,1,0,6,2,13,16,0,2,0.0,BS-H,S9,1776,KCR,False,KCR,3.970893970893971,12.666666666666666,111,6.228694401413359,0.0,4.0,0.0,0.0,2.0,1.0,0.0,0.0,0.6666666666666666,-0.0077974184900661435
5,12.0,53,11,11,11,8,0,0,14,5,3,5,4,9,2,0,5.5,1.5833333333333333,5.5,2.5,4.0,7.0,1.75,0.25,0.3584905660377358,0.6818181818181818,1.0403087478559176,0.23076923076923078,0.09433962264150944,0.2641509433962264,0.1509433962264151,0.5,0.5,1.0,242.0943396226415,6.236168113760856,-0.5436000000000001,44,1,0,2,1,11,11,0,0,,TT-H,S9,1777,ARI,False,ARI,6.459632709632709,14.0,80,5.0,0.0,5.0,0.0,0.0,1.0,1.0,0.0,0.0,0.5,-0.4283202265947795
12,43.333333333333336,208,66,45,45,23,0,1,34,18,36,22,22,28,11,2,6.230769230769231,2.0538461538461537,9.138461538461538,2.4923076923076923,3.184615384615385,4.707692307692308,1.4782608695652173,0.36464088397790057,0.42788461538461536,0.7513812154696132,1.1792658308542285,0.3609022556390977,0.08653846153846154,0.16346153846153846,0.11057692307692307,0.5806451612903226,0.41935483870967744,1.3846153846153846,225.00462962962962,15.392813030779351,-1.1253,181,4,0,8,4,54,39,8,1,0.8888888888888888,BF-H,S9,1786,CWS,False,CWS,6.7993762993762985,46.666666666666664,141,29.22869440141336,7.0,8.0,3.0,0.0,4.0,4.0,0.0,0.0,0.5,-0.7728343288418656
2,1.0,3,0,0,0,0,0,0,1,0,0,1,0,0,1,0,0.0,0.0,0.0,0.0,0.0,6.0,,0.0,0.0,0.0,0.0,0.0,0.0,0.3333333333333333,0.0,0.5,0.5,1.0,324.6666666666667,-1.1205576547422276,0.21749999999999997,3,0,0,0,0,1,1,0,0,,POS,S9,1813,ARI,False,ARI,-0.6237006237006235,2.0,0,0.0,0.0,1.0,0.0,0.0,1.0,0.0,0.0,0.0,1.0,0.12311028914108915
1,0.0,1,1,0,0,0,0,0,0,0,1,0,0,0,0,0,,,,,,,,1.0,1.0,1.0,2.0,1.0,0.0,0.0,0.0,,,,89.0,0.3847604224240396,-0.032400000000000005,1,0,0,0,0,0,0,0,0,,POS,S9,1824,DET,False,DET,,0.0,0,0.3847604224240396,0.0,0.0,0.0,0.0,0.0,0.0,0.0,0.0,0.0,-0.03479120102011517
7,19.666666666666668,81,15,5,5,10,0,0,10,1,7,13,19,13,1,0,1.5254237288135593,1.271186440677966,4.576271186440678,0.30508474576271183,3.0508474576271185,3.0508474576271185,1.0,0.21428571428571427,0.30864197530864196,0.35714285714285715,0.6657848324514991,0.23333333333333334,0.012345679012345678,0.12345679012345678,0.12345679012345678,0.7083333333333334,0.2916666666666667,2.4285714285714284,273.1904761904762,-8.200336019591642,0.6657,70,1,0,7,0,34,14,2,1,0.6666666666666666,EG-H,S9,1828,2TM,False,TBR,2.5457909017231053,20.0,84,7.458624193702087,4.0,2.0,0.0,0.0,2.0,0.0,1.0,1.0,1.0,1.1185057409645567
1,2.0,8,1,0,0,1,0,0,1,0,0,3,1,0,1,0,0.0,1.0,3.0,0.0,3.0,3.0,1.0,0.14285714285714285,0.25,0.2857142857142857,0.5357142857142857,0.16666666666666666,0.0,0.125,0.125,0.8,0.2,4.0,264.6666666666667,-1.357280307889673,0.0859,7,0,0,1,0,4,1,1,0,1.0,EG-H,S9,1828,CIN,True,CIN,1.8762993762993765,2.0,0,0.0,0.0,1.0,0.0,0.0,0.0,0.0,1.0,0.0,0.0,0.16520676056727765
6,17.666666666666668,73,14,5,5,9,0,0,9,1,7,10,18,13,0,0,1.6981132075471697,1.3018867924528301,4.754716981132075,0.33962264150943394,3.0566037735849054,3.0566037735849054,1.0,0.2222222222222222,0.3150684931506849,0.36507936507936506,0.68014785823005,0.24074074074074073,0.0136986301369863,0.1232876712328767,0.1232876712328767,0.6976744186046512,0.3023255813953488,2.3076923076923075,274.2133333333333,-6.843055711701969,0.5798,63,1,0,6,0,30,13,1,1,0.5,EG-H,S9,1828,TBR,True,TBR,2.6215823951673007,18.0,93,7.458624193702087,4.0,1.0,0.0,0.0,2.0,0.0,0.0,1.0,1.0,0.9532989803972789
8,25.666666666666668,109,22,15,15,15,0,0,11,6,9,17,11,26,7,0,3.5064935064935066,1.4415584415584415,5.142857142857142,1.4025974025974026,3.5064935064935066,2.571428571428571,0.7333333333333333,0.23404255319148937,0.3394495412844037,0.5,0.8394495412844036,0.2077922077922078,0.05504587155963303,0.10091743119266056,0.13761467889908258,0.49230769230769234,0.5076923076923077,0.9696969696969697,245.12280701754386,-0.5766922882037637,-1.2269999999999999,94,0,0,7,0,32,33,4,1,0.8,NT-H,S9,1834,BAL,False,BAL,5.311364311364311,29.333333333333332,38,5.0,5.0,2.0,0.0,0.0,1.0,1.0,0.0,0.0,0.5,0.4593169220498551
4,20.0,87,18,11,11,11,0,0,20,2,11,10,13,11,4,0,3.3,1.45,5.4,0.6000000000000001,3.3000000000000003,6.0,1.8181818181818181,0.23684210526315788,0.3333333333333333,0.39473684210526316,0.7280701754385965,0.2962962962962963,0.022988505747126436,0.22988505747126436,0.12643678160919541,0.625,0.375,1.6666666666666667,254.9,-2.2756286204149316,0.29689999999999994,76,0,0,4,1,25,15,3,0,1.0,NT-H,S9,1843,PIT,False,PIT,2.326299376299376,21.0,21,2.0,4.0,2.0,2.0,0.0,3.0,0.0,0.0,0.0,1.0,0.5481440483806184
6,11.333333333333334,63,20,14,14,11,0,0,18,6,10,7,4,3,0,0,7.411764705882352,2.735294117647059,10.588235294117647,3.1764705882352944,5.823529411764706,9.529411764705882,1.6363636363636365,0.38461538461538464,0.49206349206349204,0.8076923076923077,1.2997557997557998,0.5,0.09523809523809523,0.2857142857142857,0.1746031746031746,0.8125,0.1875,4.333333333333333,212.34375,7.293744120061298,-0.3839,52,0,0,4,0,13,3,1,0,1.0,TT-H,S9,1942,NYM,False,NYM,7.993946435122906,13.666666666666666,168,10.22869440141336,3.0,2.0,0.0,0.0,0.0,1.0,0.0,0.0,0.0,-0.4972294150019357
1,0.0,1,1,0,0,0,0,0,0,0,1,0,0,0,0,0,,,,,,,,1.0,1.0,1.0,2.0,1.0,0.0,0.0,0.0,,,,71.0,0.3847604224240396,-0.0291,1,0,0,0,0,0,0,0,0,,EG-H,S9,1961,LAD,False,LAD,,0.0,0,0.3847604224240396,1.0,0.0,0.0,0.0,0.0,0.0,0.0,0.0,0.0,-0.03479120102011517
7,19.666666666666668,93,24,15,15,13,0,0,15,5,11,9,15,11,6,0,4.576271186440677,1.8813559322033897,7.322033898305084,1.5254237288135593,3.9661016949152543,4.576271186440678,1.1538461538461537,0.3037974683544304,0.3978494623655914,0.620253164556962,1.0181026269225533,0.31666666666666665,0.053763440860215055,0.16129032258064516,0.13978494623655913,0.6136363636363636,0.38636363636363635,1.588235294117647,242.7127659574468,2.7472757915039256,-0.3981,79,1,0,6,2,27,17,2,0,1.0,NT-S,S9,1963,ARI,False,ARI,5.1390112407061554,20.333333333333332,113,10.22869440141336,5.0,1.0,0.0,0.0,1.0,2.0,0.0,0.0,0.3333333333333333,0.06796265452246542
5,24.0,102,29,17,17,5,0,0,12,6,10,12,14,17,12,1,4.25,1.4166666666666667,7.25,1.5,1.25,3.0,2.4,0.3020833333333333,0.3333333333333333,0.6666666666666666,1.0,0.2911392405063291,0.058823529411764705,0.11764705882352941,0.049019607843137254,0.5,0.5,1.0,257.08653846153845,-0.19997116940370613,-0.40249999999999997,96,1,0,9,4,29,29,1,1,0.5,NH-S,S9,1977,COL,False,COL,4.251299376299377,24.0,144,15.376866518376497,5.0,2.0,2.0,0.0,2.0,1.0,0.0,0.0,0.6666666666666666,0.3958509216138278
4,10.0,40,10,3,3,1,0,0,12,2,4,6,6,2,3,0,1.8,1.1,6.0,1.2000000000000002,0.6000000000000001,7.199999999999999,12.0,0.2631578947368421,0.275,0.5526315789473685,0.8276315789473685,0.32,0.05,0.3,0.025,0.7058823529411765,0.29411764705882354,2.4,265.8780487804878,-1.9715529998384453,-0.09009999999999994,38,1,0,3,1,12,5,0,1,0.0,EN-S,S9,2206,ATL,False,ATL,1.8762993762993765,11.0,41,2.0,0.0,4.0,0.0,0.0,1.0,1.0,0.0,0.0,0.5,0.3445489488753964
5,15.333333333333334,68,16,9,9,9,0,1,12,5,8,8,9,7,7,0,3.5217391304347823,1.6304347826086956,6.260869565217391,1.9565217391304348,3.5217391304347823,4.695652173913043,1.3333333333333333,0.27586206896551724,0.36764705882352944,0.5862068965517241,0.9538539553752535,0.2619047619047619,0.07352941176470588,0.17647058823529413,0.1323529411764706,0.5757575757575758,0.42424242424242425,1.3571428571428572,265.13235294117646,-0.31430872005749205,-0.036200000000000024,58,1,0,3,0,19,14,0,1,0.0,1B-S,S9,2207,NYY,False,NYY,5.811081984995029,16.0,98,7.0,4.0,1.0,1.0,0.0,1.0,0.0,0.0,0.0,1.0,0.28200007512138725
7,27.333333333333332,114,27,17,17,8,0,0,14,7,9,9,10,20,26,0,3.731707317073171,1.2804878048780488,5.926829268292683,1.5365853658536586,1.75609756097561,3.073170731707317,1.75,0.25471698113207547,0.30701754385964913,0.5849056603773585,0.8919232042370075,0.23529411764705882,0.06140350877192982,0.12280701754385964,0.07017543859649122,0.31343283582089554,0.6865671641791045,0.45652173913043476,248.2844827586207,-1.8961908453105523,0.10099999999999996,106,0,0,8,3,21,46,2,1,0.6666666666666666,WC-H,S9,2220,KCR,False,KCR,4.559226205567669,27.666666666666668,95,11.666521136377744,6.0,1.0,1.0,0.0,3.0,1.0,0.0,1.0,0.75,0.609690983871978
5,14.666666666666666,62,14,8,8,8,0,0,18,4,6,5,5,9,3,0,3.272727272727273,1.5,5.7272727272727275,1.6363636363636367,3.2727272727272734,7.363636363636363,2.25,0.25925925925925924,0.3548387096774194,0.5925925925925926,0.9474313022700119,0.3125,0.06451612903225806,0.2903225806451613,0.12903225806451613,0.5,0.5,1.0,244.44776119402985,2.0746419281295503,-0.4852,54,0,0,2,2,12,12,3,2,0.6,TT-H,S9,2222,BOS,False,BOS,4.103572103572104,16.0,105,7.466526249011137,4.0,1.0,1.0,1.0,1.0,2.0,0.0,0.0,0.3333333333333333,0.020995962968950278
1,2.0,7,1,0,0,0,0,0,0,0,1,0,2,2,2,0,0.0,0.5,3.0,0.0,0.0,0.0,,0.14285714285714285,0.14285714285714285,0.14285714285714285,0.2857142857142857,0.14285714285714285,0.0,0.0,0.0,0.3333333333333333,0.6666666666666666,0.5,344.0,-1.357280307889673,0.3086,7,0,0,0,0,2,4,0,0,,POS,S9,2242,DET,False,DET,1.3762993762993765,2.0,0,0.0,0.0,1.0,0.0,0.0,1.0,0.0,0.0,0.0,1.0,0.16152191934498888
8,26.666666666666668,115,31,18,18,9,0,0,15,4,18,10,5,19,26,0,4.05,1.5,6.975,0.8999999999999999,2.025,3.375,1.6666666666666667,0.29245283018867924,0.34782608695652173,0.5283018867924528,0.8761279737489746,0.3103448275862069,0.034782608695652174,0.13043478260869565,0.0782608695652174,0.2857142857142857,0.7142857142857143,0.4,236.76923076923077,-0.8846108557101507,-0.6101000000000001,106,0,0,5,4,18,45,0,2,0.0,SF-S,S9,2248,BAL,False,BAL,3.2137993762993764,28.0,76,9.40900005602365,4.0,4.0,0.0,0.0,4.0,1.0,0.0,0.0,0.8,0.5122178261342266
1,1.0,4,1,0,0,0,0,0,0,0,1,0,1,1,1,0,0.0,1.0,6.0,0.0,0.0,0.0,,0.25,0.25,0.25,0.5,0.25,0.0,0.0,0.0,0.3333333333333333,0.6666666666666666,0.5,280.75,-0.6786401539448365,0.1543,4,0,0,0,0,1,2,0,0,,SF-B,S9,2256,KCR,False,KCR,1.3762993762993765,1.0,0,0.0,0.0,1.0,0.0,0.0,1.0,0.0,0.0,0.0,1.0,0.08260338028363882
1,0.6666666666666666,2,0,0,0,0,0,0,0,0,0,0,0,2,0,0,0.0,0.0,0.0,0.0,0.0,0.0,,0.0,0.0,0.0,0.0,0.0,0.0,0.0,0.0,0.0,1.0,0.0,263.0,-1.0596491228070175,0.123,2,0,0,0,0,0,2,0,0,,FP-S,S9,2275,NYM,False,NYM,1.3762993762993765,1.0,0,0.0,0.0,0.0,0.0,0.0,0.0,0.0,0.0,0.0,0.0,0.11333459472527933
4,12.666666666666666,57,17,9,9,3,0,0,9,4,7,7,12,6,3,0,4.2631578947368425,1.5789473684210527,8.052631578947368,1.8947368421052633,1.4210526315789473,4.2631578947368425,3.0,0.3148148148148148,0.3508771929824561,0.6481481481481481,0.9990253411306043,0.3170731707317073,0.07017543859649122,0.15789473684210525,0.05263157894736842,0.6896551724137931,0.3103448275862069,2.2222222222222223,247.7017543859649,-0.23786723346912408,-0.2966,54,0,0,6,0,20,9,0,0,,POS,S9,2327,PHI,False,PHI,4.77103621840464,13.0,121,7.0,3.0,1.0,1.0,0.0,1.0,0.0,0.0,1.0,1.0,0.23382267301737375
10,27.666666666666668,119,27,19,19,12,0,0,21,4,10,11,10,22,15,0,4.120481927710843,1.4096385542168675,5.855421686746988,0.8674698795180722,2.602409638554217,4.554216867469879,1.75,0.25471698113207547,0.3277310924369748,0.49056603773584906,0.8182971301728239,0.2804878048780488,0.03361344537815126,0.17647058823529413,0.10084033613445378,0.39344262295081966,0.6065573770491803,0.6486486486486487,247.0731707317073,-2.5986543668993907,0.5069,106,1,0,13,0,24,37,4,0,1.0,NH-S,S9,2329,CLE,False,CLE,3.038949978709015,30.666666666666668,81,11.051198393369308,5.0,2.0,0.0,0.0,3.0,1.0,0.0,1.0,0.75,0.6983615421423057
10,11.666666666666666,48,9,4,4,7,0,0,5,2,2,7,5,10,5,0,2.0571428571428574,1.3714285714285714,4.628571428571429,1.0285714285714285,3.5999999999999996,2.5714285714285716,0.7142857142857143,0.21951219512195122,0.3333333333333333,0.5121951219512195,0.8455284552845528,0.20588235294117646,0.041666666666666664,0.10416666666666667,0.14583333333333334,0.5,0.5,1.0,259.42857142857144,-3.183545527463156,0.40549999999999997,41,0,0,4,1,15,15,1,0,1.0,NH-B,S9,2350,TEX,False,TEX,4.547727947727948,13.0,52,3.0,0.0,8.0,0.0,0.0,0.0,0.0,5.0,0.0,0.0,0.4952269314161778
10,26.666666666666668,109,29,16,16,7,0,0,14,9,13,15,18,19,7,0,3.5999999999999996,1.3499999999999999,6.5249999999999995,2.025,1.5750000000000002,3.1500000000000004,2.0,0.2871287128712871,0.3302752293577982,0.6534653465346535,0.9837405758924517,0.25316455696202533,0.08256880733944955,0.12844036697247707,0.06422018348623854,0.6,0.4,1.5,253.00900900900902,-2.688214319271361,0.10460000000000003,101,1,0,4,3,39,26,1,1,0.5,TD-H,S9,2390,HOU,False,HOU,5.501299376299377,27.333333333333332,144,17.481650980585393,3.0,8.0,2.0,1.0,2.0,1.0,0.0,0.0,0.6666666666666666,0.6704691251566148
6,18.666666666666668,83,23,11,11,7,0,0,15,4,14,8,13,15,2,0,3.5357142857142856,1.607142857142857,7.392857142857142,1.2857142857142856,2.25,4.821428571428571,2.142857142857143,0.3026315789473684,0.3614457831325301,0.5263157894736842,0.8877615726062142,0.3333333333333333,0.04819277108433735,0.18072289156626506,0.08433734939759036,0.575,0.425,1.3529411764705883,242.83529411764707,-2.1729939609890843,-0.08340000000000007,76,0,0,5,0,23,17,1,1,0.5,BB-S,S9,2457,SFG,False,SFG,3.679870804870805,19.333333333333332,81,6.990384390130026,4.0,2.0,1.0,1.0,2.0,1.0,0.0,0.0,0.6666666666666666,0.5231412175488785
5,16.0,73,21,13,13,6,0,0,15,6,11,4,7,19,1,0,4.875,1.6875,7.875,2.25,2.25,5.625,2.5,0.3181818181818182,0.3698630136986301,0.6515151515151515,1.0213781652137817,0.32608695652173914,0.0821917808219178,0.2054794520547945,0.0821917808219178,0.3939393939393939,0.6060606060606061,0.65,222.1216216216216,2.4218867032135893,-0.7453000000000002,66,1,0,4,0,13,20,1,0,1.0,BS-H,S9,2461,PIT,False,PIT,5.501299376299377,17.0,123,9.280039008131272,4.0,1.0,0.0,0.0,1.0,1.0,0.0,0.0,0.5,0.026804738905723147
3,7.333333333333333,33,8,5,5,5,0,0,7,1,4,3,3,7,0,0,4.090909090909091,1.7727272727272727,6.545454545454547,0.8181818181818183,4.090909090909092,5.7272727272727275,1.4,0.2857142857142857,0.3939393939393939,0.5357142857142857,0.9296536796536796,0.35,0.030303030303030304,0.21212121212121213,0.15151515151515152,0.5333333333333333,0.4666666666666667,1.1428571428571428,219.08333333333334,-0.5490310133020306,0.029700000000000004,28,0,0,2,1,8,7,3,0,1.0,BS-H,S9,2474,OAK,False,OAK,3.2853902853902857,8.666666666666666,78,3.0,0.0,3.0,0.0,0.0,1.0,1.0,0.0,0.0,0.5,0.1765028616657333
2,6.0,25,8,3,3,1,0,0,2,2,4,4,3,7,0,0,3.0,1.5,8.0,2.0,1.0,2.0,2.0,0.34782608695652173,0.36,0.6956521739130435,1.0556521739130433,0.3,0.08,0.08,0.04,0.5333333333333333,0.4666666666666667,1.1428571428571428,228.59259259259258,-0.37342531489619235,-0.0195,23,1,0,2,0,8,7,1,1,0.5,FP-H,S9,2499,TOR,False,TOR,5.542966042966043,6.666666666666667,109,3.2286944014133594,0.0,2.0,0.0,0.0,0.0,0.0,0.0,0.0,0.0,0.12946356204683912
1,4.666666666666667,22,8,2,2,1,0,0,8,2,2,0,1,3,1,0,2.571428571428571,1.9285714285714284,10.285714285714285,2.571428571428571,1.2857142857142856,10.285714285714285,8.0,0.38095238095238093,0.4090909090909091,0.8571428571428571,1.2662337662337662,0.5454545454545454,0.09090909090909091,0.36363636363636365,0.045454545454545456,0.2,0.8,0.25,206.65217391304347,0.2101705670163534,-0.11760000000000004,21,0,0,4,0,1,4,0,1,0.0,POS,S9,2504,CWS,False,CWS,4.162013662013662,5.0,90,2.0,0.0,1.0,0.0,0.0,0.0,0.0,0.0,0.0,0.0,0.06004945018871817
1,0.3333333333333333,3,2,1,1,0,0,0,1,0,1,0,0,0,0,0,18.0,6.0,36.0,0.0,0.0,18.0,,0.6666666666666666,0.6666666666666666,1.0,1.6666666666666665,1.0,0.0,0.3333333333333333,0.0,,,,143.0,1.5716112531969308,0.005299999999999999,3,0,0,1,0,0,0,0,0,,POS,S9,2507,DET,False,DET,-4.623700623700623,1.0,0,0.0,0.0,1.0,0.0,0.0,0.0,0.0,0.0,0.0,0.0,-0.14610660165282668
9,34.0,130,23,13,13,9,0,0,58,8,11,4,14,14,8,0,2.2941176470588234,0.9411764705882353,4.0588235294117645,1.4117647058823528,1.5882352941176472,10.235294117647058,6.444444444444445,0.19166666666666668,0.24615384615384617,0.425,0.6711538461538462,0.2727272727272727,0.06153846153846154,0.4461538461538462,0.06923076923076923,0.47619047619047616,0.5238095238095238,0.9090909090909091,268.8712121212121,-9.644278113027998,1.1032000000000002,120,1,0,4,0,20,22,1,2,0.3333333333333333,TT-H,S9,2523,MTL,False,MTL,1.8174758468876118,35.0,50,7.750297701014325,6.0,6.0,3.0,1.0,6.0,1.0,0.0,0.0,0.8571428571428571,1.4434571702003431
4,9.333333333333334,46,16,10,10,3,0,0,8,5,9,4,2,9,4,0,6.428571428571428,2.0357142857142856,10.285714285714285,3.2142857142857144,1.9285714285714284,5.142857142857142,2.6666666666666665,0.37209302325581395,0.41304347826086957,0.7906976744186046,1.2037411526794741,0.36666666666666664,0.10869565217391304,0.17391304347826086,0.06521739130434782,0.3157894736842105,0.6842105263157895,0.46153846153846156,230.74468085106383,3.5906476408795034,-0.6355999999999999,43,0,0,1,1,6,13,0,1,0.0,BS-B,S9,2540,KCR,False,KCR,7.5905850905850905,9.666666666666666,167,7.18030565461029,4.0,0.0,0.0,0.0,1.0,2.0,0.0,0.0,0.3333333333333333,-0.18956206786266575
11,39.333333333333336,168,46,33,33,13,1,0,22,8,18,24,31,21,9,0,5.033898305084746,1.5,7.016949152542373,1.2203389830508473,1.9830508474576272,3.3559322033898304,1.6923076923076923,0.2987012987012987,0.35119047619047616,0.6103896103896104,0.9615800865800865,0.304,0.047619047619047616,0.13095238095238096,0.07738095238095238,0.6774193548387096,0.3225806451612903,2.1,241.0233918128655,6.830047067929871,-0.5559,154,1,0,16,4,63,30,3,1,0.75,EG-H,S9,2544,OAK,False,OAK,3.8932485288417493,40.666666666666664,147,26.604903355759717,8.0,4.0,3.0,0.0,4.0,3.0,0.0,0.0,0.5714285714285714,-0.06395138144846949
9,47.333333333333336,184,40,15,15,12,2,0,23,5,20,17,16,28,47,1,1.9014084507042253,1.0985915492957745,5.070422535211268,0.6338028169014085,1.5211267605633803,2.9154929577464785,1.9166666666666667,0.23391812865497075,0.2826086956521739,0.42105263157894735,0.7036613272311212,0.24305555555555555,0.02717391304347826,0.125,0.06521739130434782,0.34782608695652173,0.6521739130434783,0.5333333333333333,270.0268817204301,-18.591201534829345,1.9733999999999998,171,1,0,13,2,40,75,1,3,0.25,WC-S,S9,2555,BOS,False,BOS,2.538271207285292,47.333333333333336,60,12.721980171722723,7.0,6.0,4.0,2.0,6.0,1.0,0.0,0.0,0.8571428571428571,2.537130938384073
6,14.0,63,17,14,14,5,0,0,17,3,6,3,3,13,5,0,6.0,1.5714285714285714,7.285714285714285,1.2857142857142856,2.142857142857143,7.285714285714285,3.4,0.2982456140350877,0.3492063492063492,0.631578947368421,0.9807852965747702,0.3684210526315789,0.047619047619047616,0.2698412698412698,0.07936507936507936,0.25,0.75,0.3333333333333333,228.4848484848485,4.185382658423503,-0.5562,57,1,0,6,2,6,18,2,1,0.6666666666666666,NH-S,S9,2557,SEA,False,SEA,2.804870804870805,14.666666666666666,119,7.783831509133096,5.0,0.0,0.0,0.0,0.0,1.0,0.0,0.0,0.0,-0.18639326883815616
7,20.333333333333332,97,29,16,16,10,0,0,21,4,11,5,4,20,8,0,4.721311475409836,1.918032786885246,8.557377049180328,1.1803278688524592,2.9508196721311477,6.19672131147541,2.1,0.3411764705882353,0.4020618556701031,0.6823529411764706,1.0844147968465738,0.4032258064516129,0.041237113402061855,0.21649484536082475,0.10309278350515463,0.3,0.7,0.42857142857142855,217.21428571428572,3.618501051302132,-0.5914000000000001,85,2,0,11,3,12,28,1,0,1.0,NH-S,S9,2585,MIL,False,MIL,3.343512491053475,21.333333333333332,154,14.650393797356147,4.0,2.0,0.0,0.0,1.0,3.0,1.0,0.0,0.25,-0.004420506568200056
5,7.333333333333333,25,3,0,0,3,1,0,2,0,2,3,8,6,0,0,0.0,0.8181818181818182,2.4545454545454546,0.0,2.4545454545454546,1.6363636363636367,0.6666666666666666,0.13636363636363635,0.24,0.18181818181818182,0.4218181818181818,0.15,0.0,0.08,0.12,0.7,0.3,2.3333333333333335,293.625,-5.870219479585044,0.8527,22,0,0,1,0,14,6,0,0,,EG-B,S9,2588,CHC,False,CHC,2.0581175581175586,8.0,0,0.0,0.0,3.0,0.0,0.0,1.0,0.0,1.0,0.0,1.0,0.6791429785157244
6,13.0,58,21,10,10,3,0,0,10,4,10,4,3,14,3,0,4.615384615384615,1.8461538461538463,9.692307692307693,1.8461538461538463,1.3846153846153846,4.615384615384616,3.3333333333333335,0.38181818181818183,0.41379310344827586,0.7272727272727273,1.141065830721003,0.4146341463414634,0.06896551724137931,0.1724137931034483,0.05172413793103448,0.37037037037037035,0.6296296296296297,0.5882352941176471,213.85,0.234925235290178,-0.41079999999999994,55,0,0,7,0,10,17,0,2,0.0,BS-H,S9,2601,CIN,False,CIN,4.53014553014553,12.666666666666666,175,9.864750889850537,3.0,3.0,0.0,0.0,2.0,1.0,0.0,0.0,0.6666666666666666,0.19022826736373233
5,15.666666666666666,64,16,11,11,5,0,0,7,3,5,10,9,16,1,0,4.212765957446809,1.3404255319148937,6.127659574468086,1.148936170212766,1.9148936170212767,2.6808510638297873,1.4,0.27586206896551724,0.328125,0.6379310344827587,0.9660560344827587,0.2653061224489796,0.046875,0.109375,0.078125,0.5405405405405406,0.4594594594594595,1.1764705882352942,251.60294117647058,0.038798465704811824,0.043499999999999886,58,1,0,4,4,20,17,1,3,0.25,POS,S9,2606,TEX,False,TEX,3.9294908656610787,16.0,164,11.657471867539472,4.0,1.0,0.0,0.0,2.0,1.0,0.0,0.0,0.6666666666666666,0.23194999165600172
3,8.0,38,10,9,9,5,0,0,5,4,5,6,4,7,1,0,6.75,1.875,7.5,3.0,3.75,3.75,1.0,0.30303030303030304,0.39473684210526316,0.696969696969697,1.09170653907496,0.25,0.10526315789473684,0.13157894736842105,0.13157894736842105,0.5555555555555556,0.4444444444444444,1.25,235.4878048780488,2.6727753966685666,-0.05349999999999976,33,0,0,1,0,10,8,2,1,0.6666666666666666,EG-H,S9,2611,MIL,False,MIL,8.501299376299377,9.666666666666666,98,4.228694401413359,0.0,2.0,0.0,0.0,1.0,1.0,0.0,0.0,0.5,-0.12725357321988243
5,9.0,41,9,9,9,6,0,2,6,2,3,6,5,6,3,0,6.0,1.6666666666666667,6.0,1.3333333333333333,4.0,4.0,1.0,0.2571428571428571,0.36585365853658536,0.5428571428571428,0.9087108013937282,0.25925925925925924,0.04878048780487805,0.14634146341463414,0.14634146341463414,0.5714285714285714,0.42857142857142855,1.3333333333333333,247.33333333333334,2.4126764746900045,-0.2589,35,0,0,4,0,12,9,0,0,,TD-S,S9,2621,NYY,False,NYY,4.931854931854932,10.666666666666666,57,2.7260782934392167,0.0,1.0,0.0,0.0,1.0,1.0,0.0,1.0,0.5,-0.09018915735515982
1,0.3333333333333333,1,0,0,0,0,0,0,0,0,0,0,0,1,0,0,0.0,0.0,0.0,0.0,0.0,0.0,,0.0,0.0,0.0,0.0,0.0,0.0,0.0,0.0,0.0,1.0,0.0,261.0,-0.5987654320987654,0.0049,1,0,0,0,0,0,1,0,0,,EG-H,S9,2625,LAD,False,LAD,1.3762993762993765,1.0,0,0.0,0.0,1.0,0.0,0.0,0.0,0.0,0.0,0.0,0.0,0.06356138443216533
1,0.0,2,1,0,0,1,0,0,0,0,1,0,0,0,0,0,,,,,,,0.0,1.0,1.0,1.0,2.0,1.0,0.0,0.0,0.5,,,,126.0,1.1954022988505746,-0.3694,1,0,0,0,0,0,0,0,0,,POS,S9,2627,TEX,False,TEX,inf,1.0,0,0.0,0.0,1.0,0.0,0.0,0.0,1.0,0.0,0.0,0.0,-0.11217054744047987
4,11.333333333333334,54,18,16,16,5,0,1,10,5,11,10,7,2,2,0,8.470588235294118,2.0294117647058822,9.529411764705882,2.6470588235294117,2.6470588235294117,5.294117647058823,2.0,0.3673469387755102,0.42592592592592593,0.7142857142857143,1.1402116402116402,0.38235294117647056,0.09259259259259259,0.18518518518518517,0.09259259259259259,0.8333333333333334,0.16666666666666666,5.0,255.57894736842104,7.680200745653426,-0.4756000000000001,49,0,0,2,0,20,4,4,0,1.0,BS-B,S9,2629,PIT,False,PIT,6.670417023358199,12.333333333333334,146,8.0,2.0,2.0,0.0,0.0,1.0,2.0,0.0,0.0,0.3333333333333333,-0.5690386485617477
9,33.333333333333336,143,27,20,20,19,0,0,47,5,12,7,10,25,6,2,3.5999999999999996,1.38,4.859999999999999,0.8999999999999999,3.42,8.459999999999999,2.473684210526316,0.21951219512195122,0.32167832167832167,0.43089430894308944,0.7525726306214111,0.3055555555555556,0.03496503496503497,0.32867132867132864,0.13286713286713286,0.39215686274509803,0.6078431372549019,0.6451612903225806,237.6344827586207,-2.7430241655827157,0.38160000000000005,123,1,0,9,1,20,31,2,0,1.0,TT-H,S9,2659,NYM,False,NYM,2.2162993762993763,34.333333333333336,59,9.0,6.0,4.0,1.0,1.0,4.0,3.0,0.0,0.0,0.5714285714285714,0.8012347113455693
5,15.0,60,17,10,10,0,0,0,6,3,5,2,10,18,7,0,4.0,1.1333333333333333,6.8,1.2000000000000002,0.0,2.4000000000000004,,0.288135593220339,0.2833333333333333,0.6779661016949152,0.9612994350282486,0.27450980392156865,0.05,0.1,0.0,0.32432432432432434,0.6756756756756757,0.48,246.85714285714286,3.7276400509316945,-0.38989999999999997,59,1,0,4,5,12,25,1,2,0.3333333333333333,TD-H,S9,2663,3TM,False,DET,3.1762993762993768,15.0,184,12.302558172691406,3.0,2.0,1.0,0.0,1.0,1.0,0.0,0.0,0.5,-0.1516735317558417
2,9.0,34,9,5,5,0,0,0,2,0,3,1,7,10,5,0,3.3333333333333335,1.0,6.0,0.0,0.0,1.3333333333333333,,0.2647058823529412,0.2647058823529412,0.5294117647058824,0.7941176470588236,0.28125,0.0,0.058823529411764705,0.0,0.34782608695652173,0.6521739130434783,0.5333333333333333,257.81081081081084,-1.107761385503528,0.003800000000000003,34,0,0,3,3,8,15,1,2,0.3333333333333333,TD-H,S9,2663,NYM,True,NYM,0.9318549318549321,8.333333333333334,174,6.457388802826719,2.0,1.0,1.0,0.0,1.0,1.0,0.0,0.0,0.5,0.23606074010817185
1,3.6666666666666665,14,3,3,3,0,0,0,2,2,0,0,2,5,2,0,4.909090909090909,0.8181818181818182,4.909090909090909,3.2727272727272734,0.0,3.2727272727272734,,0.21428571428571427,0.21428571428571427,0.7857142857142857,1.0,0.1,0.14285714285714285,0.14285714285714285,0.0,0.2222222222222222,0.7777777777777778,0.2857142857142857,241.92857142857142,0.48513372961036394,-0.2485,14,0,0,0,1,2,7,0,0,,TD-H,S9,2663,ARI,True,ARI,7.376299376299377,3.6666666666666665,184,3.0,1.0,0.0,0.0,0.0,0.0,0.0,0.0,0.0,0.0,0.003074404151006749
2,2.3333333333333335,12,5,2,2,0,0,0,2,1,2,1,1,3,0,0,5.142857142857142,2.142857142857143,12.857142857142858,2.571428571428571,0.0,5.142857142857142,,0.45454545454545453,0.4166666666666667,1.0,1.4166666666666667,0.4444444444444444,0.08333333333333333,0.16666666666666666,0.0,0.4,0.6,0.6666666666666666,218.83333333333334,4.35026770682486,-0.1452,11,1,0,1,1,2,3,0,0,,TD-H,S9,2663,DET,True,DET,5.233442233442233,3.0,213,2.8451693698646876,0.0,1.0,0.0,0.0,0.0,0.0,0.0,0.0,0.0,-0.3908086760150204
9,17.666666666666668,78,17,9,9,10,0,0,13,2,8,7,7,18,6,0,3.0566037735849054,1.5283018867924527,5.7735849056603765,0.6792452830188679,3.3962264150943398,4.415094339622641,1.3,0.25757575757575757,0.34615384615384615,0.48484848484848486,0.831002331002331,0.2830188679245283,0.02564102564102564,0.16666666666666666,0.1282051282051282,0.4,0.6,0.6666666666666666,250.78481012658227,-2.424255944622259,-0.4618,66,2,0,5,2,16,24,1,0,1.0,BS-S,S9,2674,LAD,False,LAD,3.074412583846546,19.666666666666668,27,2.3990710867090557,0.0,8.0,0.0,0.0,2.0,2.0,0.0,0.0,0.5,0.529843209800752
6,24.333333333333332,104,28,21,21,7,0,0,8,7,14,6,11,18,26,0,5.178082191780822,1.4383561643835616,6.904109589041097,1.7260273972602742,1.7260273972602742,1.9726027397260277,1.1428571428571428,0.28865979381443296,0.33653846153846156,0.5773195876288659,0.9138580491673275,0.25609756097560976,0.0673076923076923,0.07692307692307693,0.0673076923076923,0.30158730158730157,0.6984126984126984,0.4318181818181818,242.55855855855856,3.3563261125321304,-1.0188000000000001,97,0,0,7,0,19,44,5,2,0.7142857142857143,WC-B,S9,2675,SEA,False,SEA,5.3215048557514315,24.0,150,16.0632980427379,6.0,1.0,1.0,0.0,2.0,2.0,0.0,0.0,0.5,0.04759087586482167
8,24.0,103,26,13,13,7,0,0,22,3,15,10,5,26,7,0,3.25,1.375,6.5,0.75,1.75,5.5,3.142857142857143,0.2765957446808511,0.32038834951456313,0.4787234042553192,0.7991117537698823,0.323943661971831,0.02912621359223301,0.21359223300970873,0.06796116504854369,0.32653061224489793,0.673469387755102,0.48484848484848486,238.7685185185185,-4.350764271044951,-0.2664000000000003,94,2,0,6,2,16,33,5,1,0.8333333333333334,BS-S,S9,2678,TBR,False,TBR,2.042966042966043,24.666666666666668,89,9.786607024473305,5.0,5.0,2.0,1.0,2.0,3.0,0.0,0.0,0.4,0.814615073000241
7,31.333333333333332,133,33,23,23,14,0,2,21,9,13,11,17,28,9,0,4.404255319148937,1.5,6.319148936170214,1.723404255319149,2.6808510638297873,4.0212765957446805,1.5,0.2773109243697479,0.3533834586466165,0.6050420168067226,0.9584254754533392,0.2696629213483146,0.06766917293233082,0.15789473684210525,0.10526315789473684,0.4861111111111111,0.5138888888888888,0.9459459459459459,244.58333333333334,0.7119038205683017,-1.1067999999999998,119,0,0,10,1,35,37,1,1,0.5,BS-S,S9,2694,DET,False,DET,5.1103419294908665,31.666666666666668,115,16.22869440141336,5.0,3.0,3.0,0.0,1.0,3.0,0.0,1.0,0.25,0.4188935005075797
4,6.666666666666667,33,10,7,7,3,0,0,3,4,2,3,5,9,0,0,6.3,1.95,9.0,3.5999999999999996,2.6999999999999997,2.6999999999999997,1.0,0.3448275862068966,0.3939393939393939,0.896551724137931,1.290491118077325,0.2608695652173913,0.12121212121212122,0.09090909090909091,0.09090909090909091,0.47058823529411764,0.5294117647058824,0.8888888888888888,222.84848484848484,4.191985865587985,-0.44889999999999997,29,1,0,4,0,8,9,0,0,,TD-S,S9,2702,TEX,False,TEX,9.626299376299377,8.0,112,4.0,1.0,0.0,0.0,0.0,0.0,0.0,0.0,0.0,0.0,-0.2975988262232683
5,5.333333333333333,33,12,9,9,5,0,0,6,3,7,1,0,5,4,0,10.125,3.1875,13.5,3.375,5.625,6.75,1.2,0.42857142857142855,0.5151515151515151,0.8214285714285714,1.3365800865800865,0.47368421052631576,0.09090909090909091,0.18181818181818182,0.15151515151515152,0.1,0.9,0.1111111111111111,192.1818181818182,5.082626116573267,-1.1007,28,0,0,2,0,1,9,0,0,,BS-B,S9,2723,TOR,False,TOR,9.251299376299377,6.666666666666667,126,3.7260782934392167,0.0,1.0,0.0,0.0,0.0,2.0,0.0,0.0,0.0,-0.38666285132179645
7,24.0,105,23,12,12,13,0,0,20,5,12,11,15,16,7,0,3.0,1.5,5.75,1.25,3.25,5.0,1.5384615384615385,0.25,0.34285714285714286,0.4782608695652174,0.8211180124223603,0.26865671641791045,0.047619047619047616,0.19047619047619047,0.12380952380952381,0.5576923076923077,0.4423076923076923,1.2608695652173914,265.1759259259259,-3.928765616104719,0.12930000000000003,92,0,0,6,0,29,23,3,0,1.0,BS-S,S9,2724,MTL,False,MTL,4.042966042966043,25.666666666666668,54,6.146450411140707,4.0,3.0,1.0,1.0,3.0,1.0,0.0,0.0,0.75,0.7797848899507954
8,41.666666666666664,175,42,19,19,17,0,0,31,6,26,18,23,34,10,0,2.736,1.4160000000000001,6.048,0.8640000000000001,2.4480000000000004,4.464,1.8235294117647058,0.2692307692307692,0.33714285714285713,0.47435897435897434,0.8115018315018314,0.2975206611570248,0.03428571428571429,0.17714285714285713,0.09714285714285714,0.5268817204301075,0.4731182795698925,1.1136363636363635,255.5,-9.519360611160325,0.5678999999999998,156,2,0,6,4,49,44,1,1,0.5,BS-B,S9,2735,LAD,False,LAD,2.9842993762993766,41.666666666666664,83,15.39151038023302,8.0,2.0,2.0,0.0,1.0,4.0,0.0,0.0,0.2,1.5967832750165716
8,29.0,115,22,13,13,10,0,0,41,8,10,11,11,14,6,0,2.689655172413793,1.103448275862069,4.551724137931034,1.6551724137931034,2.0689655172413794,8.482758620689655,4.1,0.20952380952380953,0.2782608695652174,0.47619047619047616,0.7544513457556936,0.25,0.06956521739130435,0.3565217391304348,0.08695652173913043,0.5454545454545454,0.45454545454545453,1.2,266.15384615384613,-8.278869427233388,-0.05699999999999984,105,0,0,4,0,24,20,1,2,0.3333333333333333,TT-S,S9,2738,OAK,False,OAK,3.1694028245752386,30.0,80,10.710345381998753,5.0,3.0,2.0,0.0,2.0,2.0,0.0,0.0,0.5,1.2516436832865503
9,16.333333333333332,66,15,12,12,4,0,1,13,5,2,7,11,14,2,0,4.408163265306123,1.1632653061224492,5.510204081632653,1.836734693877551,1.469387755102041,4.775510204081633,3.25,0.24193548387096775,0.2878787878787879,0.6290322580645161,0.9169110459433041,0.22727272727272727,0.07575757575757576,0.19696969696969696,0.06060606060606061,0.5555555555555556,0.4444444444444444,1.25,265.0769230769231,-0.6772080123939059,-0.49229999999999996,62,0,0,7,1,20,16,0,0,,BS-B,S9,2743,NYY,False,NYY,4.498748355891213,17.0,116,8.761689988716666,0.0,6.0,0.0,0.0,2.0,2.0,0.0,0.0,0.5,0.31092032191045116
9,33.666666666666664,136,29,12,12,10,0,0,55,7,13,8,11,17,5,1,2.1386138613861387,1.1584158415841586,5.168316831683169,1.2475247524752477,1.7821782178217824,9.801980198019802,5.5,0.232,0.2867647058823529,0.472,0.7587647058823529,0.34375,0.051470588235294115,0.40441176470588236,0.07352941176470588,0.4883720930232558,0.5116279069767442,0.9545454545454546,251.7112676056338,-11.54276516388107,1.3622,125,1,0,9,0,21,22,4,2,0.6666666666666666,TT-H,S9,2744,BAL,False,BAL,1.7030320495667033,35.666666666666664,65,10.341317871015178,5.0,7.0,4.0,0.0,5.0,1.0,1.0,0.0,0.8333333333333334,1.6554149226193833
1,0.3333333333333333,1,0,0,0,0,0,0,0,0,0,1,0,0,0,0,0.0,0.0,0.0,0.0,0.0,0.0,,0.0,0.0,0.0,0.0,0.0,0.0,0.0,0.0,1.0,0.0,,370.0,-0.5410122164048866,0.0004,1,0,0,0,0,1,0,0,0,,EG-S,S9,2780,CWS,False,CWS,1.3762993762993765,1.0,0,0.0,0.0,1.0,0.0,0.0,0.0,0.0,0.0,0.0,0.0,0.05778606286277745
5,24.666666666666668,102,25,13,13,8,0,0,19,1,14,9,14,20,6,1,3.162162162162162,1.3378378378378377,6.081081081081081,0.2432432432432432,1.9459459459459456,4.621621621621622,2.375,0.26881720430107525,0.3235294117647059,0.43010752688172044,0.7536369386464263,0.32432432432432434,0.00980392156862745,0.18627450980392157,0.0784313725490196,0.5,0.5,1.0,266.38461538461536,-4.724599528096345,0.9017000000000001,93,1,0,8,2,26,26,1,2,0.3333333333333333,BS-H,S9,2782,MIN,False,MIN,1.335758835758836,24.666666666666668,74,8.073863771278047,5.0,3.0,3.0,1.0,3.0,1.0,0.0,0.0,0.75,0.8483137574830917
7,29.333333333333332,121,32,16,16,2,0,0,30,5,16,11,11,25,9,1,3.272727272727273,1.1590909090909092,6.545454545454547,1.022727272727273,0.40909090909090917,6.136363636363637,15.0,0.2689075630252101,0.2809917355371901,0.4957983193277311,0.7767900548649211,0.32142857142857145,0.04132231404958678,0.24793388429752067,0.01652892561983471,0.39285714285714285,0.6071428571428571,0.6470588235294118,262.9349593495935,-5.941573710899206,0.014099999999999988,119,0,0,10,1,22,34,1,1,0.5,BS-H,S9,2786,ARI,False,ARI,1.7512993762993765,29.333333333333332,115,14.990384390130027,6.0,4.0,3.0,0.0,1.0,4.0,0.0,0.0,0.2,1.040023158986865
6,19.666666666666668,85,21,15,15,7,0,0,8,5,10,8,5,12,24,0,4.576271186440677,1.423728813559322,6.40677966101695,1.5254237288135593,2.135593220338983,2.4406779661016946,1.1428571428571428,0.2692307692307692,0.32941176470588235,0.5512820512820513,0.8806938159879336,0.24615384615384617,0.058823529411764705,0.09411764705882353,0.08235294117647059,0.29411764705882354,0.7058823529411765,0.4166666666666667,246.8470588235294,2.0911186484930293,-0.7406,78,0,0,5,1,15,36,0,0,,WC-S,S9,2791,CIN,False,CIN,4.935621410197681,21.0,68,6.38476042242404,3.0,3.0,1.0,0.0,0.0,2.0,1.0,0.0,0.0,0.1040996390452447
12,19.666666666666668,88,24,12,12,8,0,0,18,3,12,8,9,15,6,0,3.661016949152542,1.6271186440677965,7.322033898305084,0.9152542372881355,2.4406779661016946,5.491525423728813,2.25,0.3,0.36363636363636365,0.525,0.8886363636363637,0.3559322033898305,0.03409090909090909,0.20454545454545456,0.09090909090909091,0.4878048780487805,0.5121951219512195,0.9523809523809523,239.73863636363637,1.8844960843159182,0.027999999999999844,80,0,0,9,0,20,21,1,0,1.0,BS-S,S9,2792,SEA,False,SEA,2.7491807322315798,23.0,53,5.38476042242404,0.0,10.0,0.0,0.0,4.0,0.0,2.0,0.0,1.0,0.1358164191298222
7,23.666666666666668,99,25,15,15,7,0,0,28,6,11,18,3,11,7,0,3.8028169014084505,1.352112676056338,6.338028169014084,1.5211267605633803,1.7746478873239435,7.098591549295774,4.0,0.27472527472527475,0.32323232323232326,0.5714285714285714,0.8946608946608947,0.3275862068965517,0.06060606060606061,0.2828282828282828,0.0707070707070707,0.5609756097560976,0.43902439024390244,1.2777777777777777,253.33333333333334,-0.9872294798948946,-0.1819,91,1,0,7,1,23,18,1,2,0.3333333333333333,TT-H,S9,2810,SFG,False,SFG,3.1932007847500805,24.666666666666668,119,13.08655433634511,4.0,3.0,1.0,0.0,2.0,2.0,0.0,0.0,0.5,0.46352222899608025
12,31.333333333333332,133,36,18,18,10,1,0,17,3,15,24,24,15,7,0,3.446808510638298,1.4680851063829787,6.893617021276596,0.574468085106383,1.9148936170212767,3.2553191489361706,1.7,0.29508196721311475,0.3458646616541353,0.5655737704918032,0.9114384321459386,0.32038834951456313,0.022556390977443608,0.12781954887218044,0.07518796992481203,0.7142857142857143,0.2857142857142857,2.5,254.10526315789474,-5.059874344223866,0.6612000000000001,122,1,0,12,6,55,22,2,0,1.0,EG-S,S9,2814,TEX,False,TEX,2.4933206528951213,34.0,111,16.849131195453253,5.0,2.0,1.0,0.0,7.0,2.0,0.0,0.0,0.7777777777777778,0.9960713169867965
7,17.0,91,29,25,25,11,0,0,18,10,14,4,8,12,9,0,8.823529411764707,2.3529411764705883,10.235294117647058,3.5294117647058822,3.882352941176471,6.352941176470589,1.6363636363636365,0.3670886075949367,0.43956043956043955,0.8227848101265823,1.262345249687022,0.36538461538461536,0.10989010989010989,0.1978021978021978,0.12087912087912088,0.36363636363636365,0.6363636363636364,0.5714285714285714,219.4731182795699,12.083554176977675,-1.4179,79,1,0,4,1,12,21,2,0,1.0,BS-B,S9,2817,2TM,False,MTL,8.846887611593495,18.333333333333332,211,17.20008306471275,4.0,2.0,0.0,0.0,0.0,2.0,1.0,0.0,0.0,-0.8730348664694871
4,9.666666666666666,57,21,17,17,7,0,0,12,8,10,2,5,6,4,0,10.551724137931036,2.896551724137931,13.03448275862069,4.965517241379311,4.344827586206897,7.448275862068966,1.7142857142857142,0.42857142857142855,0.49122807017543857,1.0,1.4912280701754386,0.43333333333333335,0.14035087719298245,0.21052631578947367,0.12280701754385964,0.4117647058823529,0.5882352941176471,0.7,203.3728813559322,10.837786708153388,-1.4032999999999998,49,1,0,2,1,7,10,2,0,1.0,BS-B,S9,2817,STL,True,STL,11.824575238368343,10.333333333333334,287,13.200083064712752,3.0,0.0,0.0,0.0,0.0,2.0,0.0,0.0,0.0,-0.8737427211448775
3,7.333333333333333,34,8,8,8,4,0,0,6,2,4,2,3,6,5,0,6.545454545454546,1.6363636363636365,6.545454545454547,1.6363636363636367,3.2727272727272734,4.909090909090909,1.5,0.26666666666666666,0.35294117647058826,0.5333333333333333,0.8862745098039215,0.2727272727272727,0.058823529411764705,0.17647058823529413,0.11764705882352941,0.3125,0.6875,0.45454545454545453,247.41176470588235,1.2457674688242866,-0.014600000000000005,30,0,0,2,0,5,11,0,0,,BS-B,S9,2817,MTL,True,MTL,4.921753921753922,8.0,112,4.0,1.0,2.0,0.0,0.0,0.0,0.0,1.0,0.0,0.0,0.0007078546753903847
10,22.0,93,26,15,15,4,0,0,23,2,13,9,9,14,7,1,4.090909090909091,1.3636363636363635,7.090909090909092,0.5454545454545454,1.0909090909090908,6.2727272727272725,5.75,0.3023255813953488,0.3225806451612903,0.5348837209302325,0.8574643660915229,0.375,0.021505376344086023,0.24731182795698925,0.043010752688172046,0.475,0.525,0.9047619047619048,254.21212121212122,0.9034155243377232,-0.04779999999999995,86,3,0,8,3,19,21,4,2,0.6666666666666666,NH-H,S9,2820,NYY,False,NYY,1.0126630126630127,22.333333333333332,106,10.489931518695615,4.0,5.0,0.0,0.0,0.0,2.0,0.0,0.0,0.0,0.25234868123908566
7,25.333333333333332,113,27,18,18,14,0,0,32,11,10,10,13,15,2,0,4.2631578947368425,1.618421052631579,6.394736842105264,2.605263157894737,3.3157894736842106,7.578947368421053,2.2857142857142856,0.2755102040816326,0.36283185840707965,0.6836734693877551,1.0465053277948346,0.2857142857142857,0.09734513274336283,0.2831858407079646,0.12389380530973451,0.6136363636363636,0.38636363636363635,1.588235294117647,246.6637168141593,1.6536684577115353,-0.8521999999999996,98,1,0,5,1,27,17,0,0,,TT-B,S9,2829,STL,False,STL,6.15261516577306,27.0,105,12.666521136377744,5.0,3.0,1.0,0.0,0.0,3.0,0.0,0.0,0.0,0.2510202123474804
5,14.333333333333334,60,14,7,7,4,0,0,12,1,8,11,7,8,4,0,2.9302325581395348,1.255813953488372,5.8604651162790695,0.41860465116279066,1.6744186046511627,5.023255813953488,3.0,0.2545454545454545,0.3,0.43636363636363634,0.7363636363636363,0.3023255813953488,0.016666666666666666,0.2,0.06666666666666667,0.6,0.4,1.5,267.2121212121212,-1.1973944708130775,-0.8735000000000002,55,1,0,3,2,18,12,5,1,0.8333333333333334,BS-S,S9,2830,MTL,False,MTL,1.4460668181598415,15.0,59,3.9410252986322827,1.0,3.0,0.0,0.0,1.0,2.0,1.0,0.0,0.3333333333333333,0.34082992041863547
6,17.333333333333332,77,25,10,10,3,0,0,12,4,16,14,5,15,3,0,3.4615384615384617,1.6153846153846154,8.653846153846155,1.3846153846153846,1.0384615384615385,4.153846153846154,4.0,0.33783783783783783,0.36363636363636365,0.5675675675675675,0.9312039312039312,0.3620689655172414,0.05194805194805195,0.15584415584415584,0.03896103896103896,0.5384615384615384,0.46153846153846156,1.1666666666666667,231.126582278481,-0.49568094426424647,-0.1725,74,0,0,5,0,21,18,1,1,0.5,BF-H,S9,2839,OAK,False,OAK,3.510914760914761,19.0,71,6.0,2.0,5.0,1.0,0.0,1.0,1.0,0.0,0.0,0.5,0.3333008685426619
8,25.0,115,29,20,20,17,0,0,11,9,17,17,15,17,9,0,4.8,1.84,6.959999999999999,2.16,4.08,2.64,0.6470588235294118,0.29591836734693877,0.4,0.6020408163265306,1.0020408163265306,0.2564102564102564,0.0782608695652174,0.09565217391304348,0.14782608695652175,0.5737704918032787,0.4262295081967213,1.3461538461538463,248.20833333333334,3.0693886202971608,-1.8628,98,0,0,3,0,35,26,2,3,0.4,NT-H,S9,2855,ATL,False,ATL,7.216299376299377,27.0,136,16.35002535465593,5.0,4.0,2.0,0.0,0.0,4.0,0.0,0.0,0.0,0.11681787853349541
9,34.333333333333336,147,32,18,18,15,0,0,41,8,10,11,9,25,13,1,3.145631067961165,1.3689320388349513,5.592233009708737,1.3980582524271843,2.6213592233009706,7.16504854368932,2.7333333333333334,0.24427480916030533,0.3197278911564626,0.5648854961832062,0.8846133873396688,0.2891566265060241,0.05442176870748299,0.2789115646258503,0.10204081632653061,0.3448275862068966,0.6551724137931034,0.5263157894736842,246.16447368421052,-7.506718315615503,-0.19169999999999981,131,1,0,10,4,20,38,2,3,0.4,TD-B,S9,2867,BOS,False,BOS,3.327755686978988,34.666666666666664,89,13.676433929736278,5.0,5.0,1.0,0.0,4.0,2.0,0.0,0.0,0.6666666666666666,1.2923434912380032
12,25.666666666666668,117,37,21,21,9,0,0,16,8,20,7,8,11,29,0,4.909090909090909,1.7922077922077921,8.649350649350648,1.87012987012987,2.103896103896104,3.74025974025974,1.7777777777777777,0.34579439252336447,0.39316239316239315,0.6542056074766355,1.0473680006390287,0.34523809523809523,0.06837606837606838,0.13675213675213677,0.07692307692307693,0.3103448275862069,0.6896551724137931,0.45,239.22314049586777,5.302781040083685,-0.5248,107,1,0,9,0,18,40,2,3,0.4,WC-S,S9,2875,2TM,False,TBR,5.233442233442233,28.666666666666668,102,12.969083359137592,2.0,6.0,1.0,0.0,1.0,1.0,1.0,0.0,0.5,-0.09915168100057947
3,6.0,32,11,4,4,3,0,0,2,1,6,2,3,3,8,0,4.0,2.3333333333333335,11.0,1.0,3.0,2.0,0.6666666666666666,0.3793103448275862,0.4375,0.6206896551724138,1.0581896551724137,0.38461538461538464,0.03125,0.0625,0.09375,0.3125,0.6875,0.45454545454545453,241.3125,1.384344947306332,-0.3393999999999999,29,0,0,4,0,5,11,0,0,,WC-S,S9,2875,MIL,True,MIL,4.376299376299377,6.666666666666667,13,0.39907108670905583,1.0,0.0,0.0,0.0,1.0,0.0,0.0,0.0,1.0,-0.02051957561739175
9,19.666666666666668,85,26,17,17,6,0,0,14,7,14,5,5,8,21,0,5.186440677966101,1.6271186440677965,7.932203389830509,2.135593220338983,1.830508474576271,4.271186440677966,2.3333333333333335,0.3333333333333333,0.3764705882352941,0.6666666666666666,1.0431372549019606,0.3275862068965517,0.08235294117647059,0.16470588235294117,0.07058823529411765,0.30952380952380953,0.6904761904761905,0.4482758620689655,238.47191011235955,3.9184360927773527,-0.18540000000000012,78,1,0,5,0,13,29,2,3,0.4,WC-S,S9,2875,TBR,True,TBR,5.494943444095986,22.0,128,12.570012272428535,1.0,6.0,1.0,0.0,0.0,1.0,1.0,0.0,0.0,-0.07863210538318763
8,27.0,115,31,16,16,10,1,0,14,4,13,11,22,17,10,0,3.5555555555555554,1.5185185185185186,6.888888888888889,0.8888888888888888,2.2222222222222223,3.1111111111111107,1.4,0.30097087378640774,0.3565217391304348,0.6116504854368932,0.9681722245673279,0.3103448275862069,0.034782608695652174,0.12173913043478261,0.08695652173913043,0.5846153846153846,0.4153846153846154,1.4074074074074074,255.12820512820514,-2.5785287825367513,0.15010000000000004,103,2,0,8,6,38,27,1,2,0.3333333333333333,TD-S,S9,2877,SFG,False,SFG,3.3762993762993765,27.666666666666668,118,14.508733409544632,4.0,4.0,1.0,0.0,3.0,4.0,0.0,0.0,0.42857142857142855,0.6816096188168866
1,0.3333333333333333,6,5,4,4,0,0,0,0,1,1,0,0,0,1,0,72.0,15.0,90.0,18.0,0.0,0.0,,0.8333333333333334,0.8333333333333334,1.8333333333333333,2.6666666666666665,0.8,0.16666666666666666,0.0,0.0,0.0,1.0,0.0,116.33333333333333,4.821760879506491,-0.0005,6,0,0,3,0,0,1,0,0,,POS,S9,2878,BAL,False,BAL,40.37629937629938,0.6666666666666666,1101,3.2645913688960047,0.0,0.0,0.0,0.0,0.0,0.0,0.0,0.0,0.0,-0.46006704061691633
11,16.0,65,15,8,8,6,0,0,12,5,5,5,8,15,4,0,3.0,1.3125,5.625,1.875,2.25,4.5,2.0,0.2542372881355932,0.3230769230769231,0.5932203389830508,0.9162972620599739,0.23809523809523808,0.07692307692307693,0.18461538461538463,0.09230769230769231,0.4411764705882353,0.5588235294117647,0.7894736842105263,241.68571428571428,-3.830438756555306,4.5102810375396984e-17,59,0,0,5,0,15,19,3,2,0.6,NT-B,S9,2887,CLE,False,CLE,5.063799376299377,18.0,75,6.0,0.0,10.0,0.0,0.0,2.0,0.0,2.0,0.0,1.0,0.6225585551043024
5,25.666666666666668,106,28,14,14,7,0,0,5,4,20,15,7,20,24,0,3.2727272727272725,1.3636363636363635,6.545454545454545,0.935064935064935,1.6363636363636362,1.1688311688311688,0.7142857142857143,0.2828282828282828,0.330188679245283,0.4444444444444444,0.7746331236897275,0.26666666666666666,0.03773584905660377,0.04716981132075472,0.0660377358490566,0.38028169014084506,0.6197183098591549,0.6136363636363636,249.27777777777777,-5.605190400753213,0.04569999999999993,99,0,0,4,0,27,44,2,1,0.6666666666666666,SF-S,S9,2888,MIA,False,MIA,3.830844830844831,26.0,87,10.061194352160317,5.0,3.0,3.0,0.0,2.0,2.0,0.0,0.0,0.5,0.9511122096379336
9,32.333333333333336,137,37,18,18,12,0,0,29,5,20,16,14,24,5,0,3.34020618556701,1.5154639175257731,6.865979381443299,0.9278350515463916,2.22680412371134,5.381443298969072,2.4166666666666665,0.29838709677419356,0.35766423357664234,0.5403225806451613,0.8979868142218036,0.3516483516483517,0.0364963503649635,0.2116788321167883,0.08759124087591241,0.546875,0.453125,1.206896551724138,237.42957746478874,-2.6820144892313715,-0.22220000000000012,124,1,0,9,3,35,29,2,4,0.3333333333333333,BF-H,S9,2890,CHC,False,CHC,2.7061962835158715,33.0,62,9.118920315738874,5.0,3.0,1.0,0.0,2.0,3.0,0.0,1.0,0.4,0.7730246963767021
7,25.666666666666668,117,30,18,18,18,0,0,12,7,13,23,13,12,9,0,4.207792207792208,1.87012987012987,7.012987012987013,1.6363636363636362,4.207792207792208,2.8051948051948052,0.6666666666666666,0.30612244897959184,0.41025641025641024,0.6428571428571429,1.0531135531135531,0.2875,0.05982905982905983,0.10256410256410256,0.15384615384615385,0.6666666666666666,0.3333333333333333,2.0,237.51239669421489,0.7755784610647704,-0.12960000000000005,98,1,0,8,2,42,21,2,2,0.5,EG-H,S9,2892,2TM,False,MIL,6.0905850905850905,25.666666666666668,122,13.905128331149639,5.0,2.0,1.0,0.0,2.0,3.0,0.0,0.0,0.4,0.35356857690131205
2,11.333333333333334,47,8,2,2,8,0,0,4,0,6,13,3,5,6,0,1.0588235294117647,1.4117647058823528,4.235294117647058,0.0,4.235294117647058,2.117647058823529,0.5,0.20512820512820512,0.3404255319148936,0.2564102564102564,0.59683578832515,0.22857142857142856,0.0,0.0851063829787234,0.1702127659574468,0.6206896551724138,0.3793103448275862,1.6363636363636365,260.75,-5.66473603878291,0.8744000000000002,39,0,0,2,0,18,11,0,1,0.0,EG-H,S9,2892,TBR,True,TBR,2.7880640821817293,11.666666666666666,4,0.2286944014133594,1.0,2.0,1.0,0.0,0.0,1.0,0.0,0.0,0.0,0.7396611413258644
5,14.333333333333334,70,22,16,16,10,0,0,8,7,7,10,10,7,3,0,6.697674418604651,2.2325581395348837,9.209302325581394,2.9302325581395348,4.186046511627907,3.3488372093023253,0.8,0.3728813559322034,0.45714285714285713,0.8983050847457628,1.3554479418886198,0.3333333333333333,0.1,0.11428571428571428,0.14285714285714285,0.7058823529411765,0.29411764705882354,2.4,222.23287671232876,6.4403144998476805,-1.004,59,1,0,6,2,24,10,2,1,0.6666666666666666,EG-H,S9,2892,MIL,True,MIL,8.701880771648213,14.0,220,13.676433929736278,4.0,0.0,0.0,0.0,2.0,2.0,0.0,0.0,0.5,-0.38609256442455236
5,10.333333333333334,41,14,5,5,1,0,0,10,4,9,3,3,6,4,0,2.9032258064516125,1.4516129032258063,8.129032258064516,2.32258064516129,0.5806451612903225,5.806451612903225,10.0,0.35,0.36585365853658536,0.675,1.0408536585365855,0.38461538461538464,0.0975609756097561,0.24390243902439024,0.024390243902439025,0.4444444444444444,0.5555555555555556,0.8,257.4347826086956,-2.3274137558532506,0.21030000000000007,40,0,0,1,0,8,10,2,3,0.4,BS-S,S9,2900,MIN,False,MIN,4.763396150492925,10.666666666666666,127,6.0294368500635445,2.0,3.0,0.0,0.0,2.0,1.0,0.0,0.0,0.6666666666666666,0.3838198656991657
9,32.0,141,35,23,23,13,0,0,35,5,19,13,7,16,22,0,4.3125,1.5,6.5625,0.9375,2.4375,6.5625,2.6923076923076925,0.2777777777777778,0.3404255319148936,0.5,0.8404255319148937,0.3409090909090909,0.03546099290780142,0.24822695035460993,0.09219858156028368,0.3559322033898305,0.6440677966101694,0.5526315789473685,250.05594405594405,1.5617693281579443,-0.1826000000000001,126,2,0,9,2,21,38,0,2,0.0,WC-H,S9,2911,CHC,False,CHC,2.4387993762993765,33.666666666666664,79,11.76952084484808,6.0,1.0,1.0,0.0,4.0,1.0,0.0,0.0,0.8,0.36338567952692574
8,18.0,91,29,20,20,10,0,0,9,6,13,2,8,7,25,1,6.666666666666667,2.1666666666666665,9.666666666666668,2.0,3.3333333333333335,3.0,0.9,0.35802469135802467,0.42857142857142855,0.7160493827160493,1.1446208112874778,0.3484848484848485,0.06593406593406594,0.0989010989010989,0.10989010989010989,0.2558139534883721,0.7441860465116279,0.34375,232.95744680851064,6.8588524820913825,-1.1528999999999998,81,0,0,9,1,11,32,2,1,0.6666666666666666,WC-S,S9,2915,MTL,False,MTL,6.376299376299377,21.0,124,11.621356879146449,4.0,2.0,0.0,0.0,0.0,2.0,1.0,0.0,0.0,-0.3505646969808579
2,6.0,19,1,0,0,1,0,0,11,0,1,2,2,1,1,0,0.0,0.3333333333333333,1.0,0.0,1.0,11.0,11.0,0.05555555555555555,0.10526315789473684,0.05555555555555555,0.1608187134502924,0.14285714285714285,0.0,0.5789473684210527,0.05263157894736842,0.6666666666666666,0.3333333333333333,2.0,306.25,-4.652544237920909,0.49670000000000003,18,0,0,0,0,4,2,0,1,0.0,TT-S,S9,2939,ARI,False,ARI,-1.79036729036729,6.666666666666667,8,0.2286944014133594,0.0,2.0,0.0,0.0,1.0,0.0,0.0,0.0,1.0,0.535266407015578
7,25.666666666666668,113,27,24,24,10,0,0,33,12,10,8,8,12,15,0,5.6103896103896105,1.4415584415584415,6.311688311688312,2.8051948051948052,2.3376623376623376,7.7142857142857135,3.3,0.2621359223300971,0.3274336283185841,0.6699029126213593,0.9973365409399433,0.25862068965517243,0.10619469026548672,0.2920353982300885,0.08849557522123894,0.37209302325581395,0.627906976744186,0.5925925925925926,251.36521739130436,6.588672168517589,-1.037,103,0,0,4,1,16,27,1,1,0.5,TT-H,S9,2944,SEA,False,SEA,6.051624051624051,27.333333333333332,96,11.620436794039893,5.0,1.0,0.0,0.0,1.0,3.0,0.0,0.0,0.25,-0.24248015873312498
5,27.0,89,9,2,2,1,0,0,27,2,5,17,11,21,3,0,0.4444444444444444,0.37037037037037035,2.0,0.4444444444444444,0.2222222222222222,6.0,27.0,0.10227272727272728,0.11235955056179775,0.19318181818181818,0.3055413687436159,0.11864406779661017,0.02247191011235955,0.30337078651685395,0.011235955056179775,0.5471698113207547,0.4528301886792453,1.2083333333333333,307.3296703296703,-16.323284156510585,0.9009000000000003,88,0,0,2,0,29,24,1,1,0.5,BS-H,S9,2945,MIN,False,MIN,0.45037345037345056,26.666666666666668,19,2.2286944014133594,5.0,4.0,4.0,3.0,4.0,1.0,0.0,0.0,0.8,1.9602792844347612
7,14.333333333333334,69,19,15,15,8,0,0,14,5,10,4,2,16,6,0,6.27906976744186,1.8837209302325582,7.953488372093023,2.0930232558139537,3.3488372093023253,5.8604651162790695,1.75,0.31666666666666665,0.391304347826087,0.6333333333333333,1.0246376811594202,0.3333333333333333,0.07246376811594203,0.2028985507246377,0.11594202898550725,0.2413793103448276,0.7586206896551724,0.3181818181818182,221.38028169014083,2.961011725915173,-0.6073,60,1,0,4,0,7,22,3,0,1.0,BS-S,S9,2952,BAL,False,BAL,5.632113329787748,15.666666666666666,110,7.6764339297362785,2.0,3.0,0.0,0.0,1.0,2.0,0.0,0.0,0.3333333333333333,-0.04184712825359038
1,0.6666666666666666,2,0,0,0,0,0,0,0,0,0,0,1,0,1,0,0.0,0.0,0.0,0.0,0.0,0.0,,0.0,0.0,0.0,0.0,0.0,0.0,0.0,0.0,0.5,0.5,1.0,457.0,-1.075268817204301,0.23609999999999998,2,0,0,0,0,1,1,0,0,,WC-H,S9,2960,DET,False,DET,1.3762993762993765,1.0,0,0.0,0.0,0.0,0.0,0.0,0.0,0.0,0.0,1.0,0.0,0.11489656416500768
